0,,,,Version=1.30
10,0.971756,-0.000126693,26.4767,
20,0.971735,-0.000126639,26.3588,
30,0.971086,-0.000126611,26.3231,
40,0.970775,-0.000126584,26.2581,
50,0.970552,-0.000126557,26.235,
60,0.970483,-0.00012653,26.1785,Finish=MaxDischargeTime
62,0.328343,-0.702609,26.1785,Finish=CutoffV
92,0.726778,-0.000111268,26.1157,
122,0.876423,-0.000115838,26.0531,
152,0.894608,-0.000117144,26.0385,
183,0.902038,-0.000117851,25.9947,
213,0.906077,-0.000118396,26.003,
243,0.908492,-0.000118559,26.003,
273,0.910094,-0.000118722,25.9759,
303,0.91094,-0.000118831,25.9801,
333,0.911809,-0.00011894,25.953,
363,0.912255,-0.000118967,25.9488,
393,0.912442,-0.000119048,25.9197,
423,0.91265,-0.000118967,25.9363,
454,0.912737,-0.000119021,25.8906,
484,0.912836,-0.000118967,25.8718,
514,0.912568,-0.000119076,25.8261,
544,0.912568,-0.000118967,25.8178,
574,0.912329,-0.000118912,25.8116,
604,0.91215,-0.000118912,25.7908,
634,0.911968,-0.000118885,25.7846,
662,0.911435,-0.000118831,25.7556,Finish=MaxDischargeTime
672,1.49869,,25.8344,
682,1.53876,,25.8718,
692,1.53915,0.650454,25.8843,
702,1.53948,0.603925,25.8843,
712,1.54001,0.609021,25.876,
722,1.54039,0.61085,25.8635,
732,1.5414,0.614579,25.8739,
742,1.5421,0.615937,25.9072,
752,1.54266,0.616904,25.901,
762,1.54359,0.616538,25.9301,
773,1.54449,0.615878,25.9176,
783,1.54965,,25.9655,
793,1.56536,,25.9613,
803,1.56663,0.696283,25.9655,
813,1.56756,0.711345,25.9676,
823,1.5687,0.69557,25.978,
833,1.56948,0.704323,25.9968,
843,1.57043,0.706804,25.9968,
853,1.5712,0.70203,25.9926,
863,1.57214,0.710719,25.9801,
873,1.57291,0.710851,25.9926,
883,1.5735,0.713411,25.9905,
893,1.5744,0.714617,26.0197,
903,1.57477,0.717459,26.0406,
913,1.57533,0.720536,26.0239,
923,1.57587,0.723142,26.0739,
933,1.57639,0.726409,26.0719,
943,1.57654,0.730454,26.1011,
953,1.57718,0.732392,26.0948,
963,1.57756,0.728452,26.1241,
973,1.57825,0.730674,26.1408,
983,1.57862,0.732475,26.1659,
993,1.5788,0.734309,26.1366,
1003,1.57966,0.736912,26.1492,
1013,1.57978,0.737767,26.2036,
1023,1.57994,0.740131,26.1848,
1033,1.58057,0.741759,26.2036,
1043,1.5814,0.744823,26.1827,
1053,1.58145,0.74828,26.1534,
1063,1.58177,0.752047,26.1429,
1073,1.58234,0.75634,26.1827,
1083,1.5823,0.757322,26.1785,
1093,1.58289,0.758417,26.2224,
1103,1.58284,0.760228,26.2245,
1113,1.58318,0.761024,26.2266,
1123,1.58349,0.7604,26.2644,
1133,1.58403,0.761503,26.2874,
1143,1.58409,0.763152,26.3,
1153,1.58429,0.762275,26.3147,
1155,1.55933,0.762279,26.3021,Finish=Peak
1216,1.39186,,26.3546,
1276,1.38302,0.0632589,26.3609,
1336,1.38028,,26.3672,
1396,1.38041,0.0765839,26.3798,
1456,1.38078,0.0717838,26.3315,
1517,1.38085,0.0716357,26.3168,
1577,1.38117,0.0706791,26.321,
1637,1.38119,0.0706298,26.2916,
1697,1.38129,0.0701172,26.2749,
1757,1.38156,0.068171,26.2434,
1817,1.38166,0.0680234,26.1994,
1878,1.38189,0.0677499,26.1492,
1938,1.38217,0.0690864,26.1387,
1998,1.38261,0.0692864,26.0948,
2058,1.38276,0.0696369,26.0489,
2118,1.38307,0.0698545,26.0656,
2179,1.38332,0.0701911,26.0051,
2239,1.38366,0.0702958,25.9926,
2299,1.38384,,25.9343,
2359,1.38424,0.0717659,25.9301,
2419,1.3845,0.0710252,25.9072,
2479,1.38474,0.0706787,25.901,
2540,1.3849,0.0726374,25.9051,
2600,1.38522,0.0728121,25.8968,
2660,1.38538,0.0722939,25.928,
2720,1.38566,0.0703628,25.9197,
2781,1.38568,0.0705176,25.9259,
2841,1.38571,0.0706394,25.901,
2901,1.38582,,25.8781,
2961,1.38593,0.0693824,25.8615,
3021,1.38597,0.0694185,25.8303,
3082,1.38615,0.0692125,25.876,
3142,1.38618,0.0681352,25.8739,
3202,1.38627,0.067975,25.8511,
3262,1.38627,0.067627,25.8116,
3323,1.38645,,25.7908,
3383,1.38653,0.0690332,25.7535,
3443,1.38669,0.0692864,25.7348,
3503,1.38687,0.0691927,25.7121,
3563,1.38712,0.070071,25.6934,
3623,1.38738,0.0702412,25.6665,
3684,1.38759,0.0704406,25.6375,
3744,1.38777,0.0712942,25.6148,
3804,1.38801,0.0715734,25.6065,
3864,1.38811,0.071563,25.6148,
3924,1.38822,0.0712287,25.6417,
3985,1.38835,0.0710945,25.6458,
4045,1.38843,0.0698617,25.6603,
4105,1.38848,0.0701515,25.6561,
4165,1.38864,0.0699458,25.6582,
4225,1.38868,0.0699557,25.6644,
4286,1.38879,0.0700711,25.681,
4346,1.38903,0.068573,25.6934,
4406,1.38892,0.068505,25.7079,
4466,1.3889,0.0688734,25.7224,
4526,1.3892,0.0700367,25.71,
4586,1.38925,0.069706,25.6872,
4647,1.38942,0.069548,25.71,
4707,1.38951,0.0695814,25.7017,
4767,1.38961,0.0713331,25.681,
4827,1.38974,0.0711806,25.6748,
4887,1.38985,0.0706128,25.6541,
4948,1.39,0.0690146,25.6065,
5008,1.38997,0.0695106,25.6272,
5068,1.39014,0.0697038,25.6044,
5128,1.39028,0.0695809,25.5549,
5188,1.39026,0.0709433,25.5218,
5249,1.39052,0.0709317,25.5735,
5309,1.39071,0.0708117,25.5652,
5369,1.39077,0.0695828,25.5652,
5429,1.39085,0.0691322,25.6044,
5489,1.39097,0.0697141,25.6231,
5550,1.39092,0.0694884,25.6375,
5610,1.39103,0.069448,25.6313,
5670,1.3911,0.0690873,25.6148,
5730,1.39127,,25.6086,
5790,1.39138,0.0708991,25.6644,
5850,1.39154,0.070965,25.6355,
5910,1.39159,,25.6644,
5970,1.39151,0.069292,25.6644,
6031,1.3916,0.0696491,25.6603,
6091,1.39173,0.0693218,25.7079,
6151,1.39178,0.0718741,25.6582,
6211,1.39199,0.0713437,25.6458,
6271,1.39211,0.0708576,25.6169,
6331,1.39225,0.0691594,25.6169,
6392,1.39211,0.0693065,25.5611,
6452,1.39233,0.0696166,25.5384,
6512,1.39242,0.0693079,25.5384,
6572,1.39257,0.0691787,25.5466,
6632,1.39254,,25.5177,
6692,1.39275,0.0703964,25.4971,
6753,1.39289,0.0706105,25.5384,
6813,1.39285,,25.592,
6873,1.39296,0.0691426,25.5755,
6933,1.39304,0.0694113,25.6044,
6993,1.39314,,25.5879,
7054,1.39311,0.0703294,25.5652,
7114,1.39343,0.0695449,25.6189,
7174,1.39346,0.0699184,25.5797,
7234,1.39353,0.0707312,25.6417,
7294,1.3937,0.0709454,25.6293,
7355,1.39369,0.0708938,25.6417,
7415,1.39368,0.0697168,25.6375,
7475,1.39376,0.0692521,25.6541,
7535,1.39376,0.0693128,25.6624,
7595,1.39393,0.0713006,25.6417,
7656,1.39407,0.0706027,25.6686,
7716,1.3942,0.0714768,25.6768,
7776,1.39421,,25.6582,
7836,1.39431,0.0695898,25.6251,
7896,1.39433,0.0691748,25.6541,
7957,1.3944,,25.6603,
8017,1.39453,0.070309,25.6665,
8077,1.39466,0.0705041,25.6727,
8137,1.39469,0.0700024,25.6686,
8197,1.39467,0.0694086,25.7038,
8258,1.39474,0.0691005,25.7058,
8318,1.39482,0.0689608,25.6644,
8378,1.39492,0.0708487,25.6665,
8438,1.39495,0.0707741,25.6893,
8498,1.39515,0.0706497,25.6934,
8559,1.39514,0.068379,25.7307,
8619,1.39535,0.0692135,25.7203,
8679,1.39521,0.0696885,25.7245,
8739,1.39525,0.0715532,25.7431,
8799,1.39549,0.0712808,25.7639,
8859,1.39571,0.0709399,25.7348,
8920,1.39568,0.0703712,25.7514,
8980,1.39575,0.0697876,25.7411,
9040,1.39578,0.0696607,25.7556,
9100,1.3959,0.0701218,25.7742,
9160,1.39584,0.0705276,25.7597,
9220,1.39594,0.0708799,25.7535,
9281,1.39622,0.070938,25.768,
9341,1.39615,0.069042,25.8199,
9401,1.39613,0.0692325,25.7908,
9461,1.39615,0.06943,25.8033,
9521,1.39638,,25.8241,
9582,1.3963,0.0707129,25.8241,
9642,1.39635,0.0706359,25.8137,
9702,1.3965,,25.822,
9762,1.39652,0.0696695,25.8407,
9822,1.39651,0.0696252,25.8303,
9882,1.39657,0.0694616,25.8324,
9943,1.39662,0.0708375,25.8448,
10003,1.39687,0.0707325,25.8282,
10063,1.39689,0.0711307,25.8718,
10123,1.39692,0.0697788,25.8822,
10184,1.39692,0.0697098,25.8573,
10244,1.39706,0.069475,25.8864,
10304,1.39711,0.0707216,25.8594,
10364,1.39724,0.0701805,25.8885,
10424,1.39734,0.0706582,25.8781,
10485,1.39752,0.0681455,25.8947,
10545,1.39748,0.0693159,25.8698,
10605,1.39754,0.0690627,25.9176,
10665,1.39753,0.0698404,25.901,
10725,1.39762,0.0705708,25.9301,
10785,1.39774,0.0706565,25.9134,
10846,1.39786,0.070749,25.9197,
10906,1.39784,0.0690982,25.9301,
10966,1.39794,0.0690153,25.9072,
11026,1.39799,0.069849,25.9509,
11086,1.398,0.0701581,25.9467,
11147,1.39797,0.0700944,25.9551,
11207,1.39805,0.069766,25.9488,
11267,1.39814,0.0692744,25.9572,
11327,1.39817,0.0694269,25.9509,
11387,1.39819,0.0699499,25.953,
11448,1.39828,,25.9842,
11508,1.39845,0.0707909,25.9801,
11568,1.39841,0.0709216,25.9947,
11628,1.39856,0.070899,26.0113,
11688,1.3985,0.0699278,25.9863,
11749,1.39859,0.0694601,26.0009,
11809,1.39867,0.0691016,26.003,
11869,1.39863,0.0715594,26.0301,
11929,1.3988,0.0716395,26.0176,
11964,1.39782,0.0713508,26.0113,Finish=MaxChargeC
11974,1.23756,-0.703132,25.9301,
11984,1.22826,-0.703073,25.9509,
11994,1.22091,-0.703343,25.9613,
12004,1.21507,-0.702936,26.0009,
12014,1.20999,-0.703342,25.9801,
12024,1.20547,-0.703032,26.0489,
12034,1.20097,-0.703341,26.0739,
12044,1.19727,-0.70336,26.0886,
12054,1.1935,-0.703088,26.122,
12064,1.19022,-0.702933,26.1638,
12074,1.18686,-0.703126,26.2141,
12084,1.18376,-0.703087,26.2266,
12094,1.18052,-0.703029,26.2811,
12104,1.17713,-0.703086,26.2979,
12115,1.1744,-0.703067,26.3252,
12125,1.17173,-0.703028,26.3735,
12135,1.16864,-0.703162,26.4114,
12145,1.16656,-0.702988,26.4893,
12155,1.16349,-0.703104,26.5125,
12165,1.16096,-0.70322,26.5357,
12175,1.15819,-0.703277,26.5504,
12185,1.1559,-0.703219,26.5821,
12195,1.1532,-0.703161,26.6159,
12205,1.1507,-0.703199,26.654,
12215,1.14805,-0.703025,26.6772,
12225,1.14614,-0.703314,26.7471,
12235,1.14354,-0.702985,26.7959,
12245,1.14106,-0.70314,26.7938,
12255,1.13895,-0.70312,26.8278,
12265,1.13652,-0.703468,26.8851,
12275,1.13401,-0.703216,26.8915,
12285,1.13211,-0.703138,26.9255,
12295,1.12983,-0.703119,26.9958,
12305,1.1278,-0.703099,27.0171,
12315,1.12547,-0.703138,27.047,
12325,1.12332,-0.703099,27.0876,
12335,1.12111,-0.70306,27.1218,
12346,1.11919,-0.703195,27.141,
12356,1.11704,-0.70302,27.156,
12366,1.11528,-0.70304,27.2138,
12376,1.11287,-0.703407,27.2373,
12386,1.11085,-0.703136,27.2738,
12396,1.10888,-0.703039,27.2888,
12406,1.10698,-0.703232,27.306,
12416,1.10477,-0.703077,27.3532,
12426,1.10321,-0.703096,27.3962,
12436,1.10127,-0.703115,27.4306,
12446,1.09943,-0.703154,27.4436,
12456,1.09712,-0.703134,27.491,
12466,1.0952,-0.703114,27.5039,
12476,1.09341,-0.702998,27.5427,
12486,1.09159,-0.703133,27.5449,
12496,1.08973,-0.70321,27.5686,
12506,1.08741,-0.702939,27.6313,
12516,1.08568,-0.70319,27.6248,
12526,1.08368,-0.703152,27.6984,
12536,1.08187,-0.703113,27.6832,
12546,1.08021,-0.70319,27.7352,
12556,1.07813,-0.703151,27.7656,
12566,1.07635,-0.703228,27.8025,
12576,1.07449,-0.703073,27.8155,
12586,1.07262,-0.70315,27.8177,
12596,1.07072,-0.703189,27.8351,
12606,1.06873,-0.703749,27.8394,
12616,1.06728,-0.703033,27.8525,
12626,1.06522,-0.703072,27.8633,
12636,1.06323,-0.703071,27.8568,
12646,1.06146,-0.702897,27.8481,
12656,1.05991,-0.703071,27.9025,
12666,1.05773,-0.703148,27.9155,
12676,1.05605,-0.702935,27.946,
12686,1.05416,-0.70309,27.9896,
12697,1.05284,-0.703186,27.994,
12707,1.0502,-0.703108,28.0223,
12717,1.04871,-0.703089,28.0529,
12727,1.04677,-0.703398,28.0136,
12737,1.04462,-0.703301,28.0616,
12747,1.04291,-0.703108,28.1075,
12757,1.04086,-0.703146,28.1228,
12767,1.03893,-0.703184,28.1469,
12777,1.03704,-0.703223,28.1907,
12787,1.03536,-0.703165,28.2214,
12797,1.03347,-0.703222,28.2345,
12807,1.03156,-0.703067,28.2455,
12817,1.02943,-0.703125,28.2302,
12827,1.02738,-0.703241,28.2806,
12837,1.02532,-0.703163,28.2916,
12847,1.02312,-0.703202,28.3158,
12857,1.02058,-0.702834,28.3421,
12867,1.01778,-0.703046,28.3641,
12877,1.01519,-0.70293,28.3509,
12887,1.01197,-0.703219,28.3861,
12897,1.00843,-0.702968,28.4522,
12907,1.00387,-0.703102,28.4721,
12917,0.999462,-0.703063,28.5051,
12927,0.993766,-0.70314,28.5383,
12937,0.987486,-0.703177,28.6046,
12947,0.980109,-0.702983,28.6112,
12957,0.971481,-0.703194,28.6334,
12967,0.962143,-0.703271,28.6422,
12978,0.949821,-0.703056,28.6311,
12988,0.935017,-0.703189,28.6976,
12998,0.916143,-0.703032,28.7287,
13001,0.896946,-0.702992,28.7309,Finish=CutoffV
13031,1.1461,-0.000152374,28.7775,
13061,1.17906,-0.000154714,28.7664,
13091,1.19236,-0.000156129,28.7353,
13121,1.20073,-0.000156945,28.6932,
13151,1.20654,-0.000157462,28.5758,
13181,1.21127,-0.000158169,28.4368,
13211,1.21498,-0.000158631,28.3685,
13241,1.21809,-0.000158958,28.2916,
13271,1.22047,-0.000159203,28.1732,
13301,1.2226,-0.000159556,28.1491,
13331,1.22476,-0.000159801,28.1185,
13362,1.22621,-0.00015991,28.0398,
13392,1.22793,-0.000160237,27.97,
13422,1.22916,-0.000160291,27.9308,
13452,1.23042,-0.000160454,27.8155,
13482,1.23165,-0.00016059,27.8003,
13512,1.23269,-0.000160726,27.7352,
13542,1.2335,-0.000160944,27.6897,
13572,1.23441,-0.000160971,27.6529,
13600,1.23611,-0.000161161,27.5881,Finish=MaxDischargeTime
13610,1.41391,,27.5967,
13621,1.43346,,27.573,
13631,1.44148,,27.5794,
13641,1.44489,0.606194,27.5838,
13651,1.45017,0.611549,27.5449,
13661,1.45481,0.608677,27.5017,
13671,1.45846,0.607772,27.5406,
13681,1.46202,0.611609,27.4931,
13691,1.46484,0.611415,27.4845,
13701,1.46763,0.615008,27.4565,
13711,1.47029,0.616241,27.4608,
13721,1.47252,0.617399,27.4436,
13731,1.47486,0.617268,27.4586,
13741,1.47702,0.61479,27.4565,
13751,1.47832,0.617036,27.3962,
13761,1.48033,0.617763,27.3962,
13771,1.48196,0.617344,27.3876,
13781,1.48389,0.619027,27.3898,
13791,1.48546,0.6214,27.3489,
13801,1.48713,0.624051,27.3489,
13811,1.48859,0.624434,27.2974,
13821,1.49015,0.62653,27.3231,
13831,1.49167,0.630065,27.306,
13841,1.4931,0.631618,27.2888,
13851,1.49469,0.634195,27.2824,
13861,1.49625,0.631019,27.2781,
13871,1.49765,0.634112,27.2845,
13881,1.49906,0.644307,27.2695,
13891,1.50062,0.642807,27.233,
13901,1.50173,0.645437,27.2545,
13912,1.50313,0.645836,27.2523,
13922,1.50447,0.64415,27.2566,
13932,1.506,0.642906,27.2202,
13942,1.50743,0.640656,27.141,
13952,1.50886,0.641935,27.1667,
13957,1.48838,0.641938,27.1218,Finish=Peak
14017,1.34857,,27.0577,
14077,1.34284,0.0627198,26.9639,
14137,1.34168,,26.9681,
14197,1.34253,0.077561,26.9106,
14258,1.34359,0.0717892,26.8129,
14318,1.34437,0.0709961,26.7853,
14378,1.34547,,26.7408,
14438,1.34624,0.0697253,26.654,
14498,1.34748,0.0692801,26.6117,
14559,1.34843,0.0694381,26.561,
14619,1.34956,0.0694103,26.5631,
14679,1.3505,,26.5209,
14739,1.35162,0.0705058,26.464,
14799,1.35261,0.0702116,26.4514,
14860,1.35343,0.0700916,26.4345,
14920,1.35444,0.0714736,26.4156,
14980,1.35527,0.0711363,26.3862,
15040,1.35621,0.0712213,26.3651,
15100,1.35694,,26.3231,
15160,1.35791,0.0701596,26.3567,
15221,1.35857,0.0699838,26.3063,
15281,1.35934,0.0697865,26.2728,
15341,1.36003,0.0699518,26.2749,
15401,1.36091,0.0675215,26.2728,
15462,1.36139,0.0677523,26.2183,
15522,1.36219,0.0676679,26.235,
15582,1.36286,0.0695377,26.1785,
15642,1.36374,0.0693962,26.1596,
15702,1.36439,0.0692656,26.1555,
15762,1.36492,0.0703625,26.1513,
15823,1.36576,0.0707423,26.1492,
15883,1.36634,0.0705683,26.1262,
15943,1.36713,0.0704601,26.099,
16003,1.36777,0.0723617,26.0364,
16063,1.36849,0.0717468,26.0134,
16124,1.36916,0.0719713,25.9551,
16184,1.36962,0.0701304,25.8926,
16244,1.37025,0.0707705,25.8241,
16304,1.37109,0.0709361,25.7908,
16364,1.37161,0.0710321,25.7369,
16425,1.37229,0.067845,25.8074,
16485,1.37271,0.0687035,25.7867,
16545,1.3734,0.0686044,25.8095,
16605,1.37397,0.0702545,25.7888,
16665,1.37461,0.0701583,25.7784,
16726,1.37519,0.0712213,25.7639,
16786,1.3759,0.0684726,25.7618,
16846,1.37623,0.0686626,25.7618,
16906,1.37659,0.0688054,25.7266,
16966,1.37718,0.069568,25.7266,
17026,1.3779,0.0704425,25.7203,
17086,1.37837,0.0704732,25.7286,
17147,1.37892,0.070216,25.7183,
17207,1.37948,0.0704677,25.6955,
17267,1.37997,0.0704415,25.6768,
17327,1.3804,0.0690077,25.6831,
17387,1.381,0.0694087,25.6748,
17448,1.38147,0.0691281,25.6582,
17508,1.38189,0.0702325,25.6582,
17568,1.38241,0.071117,25.6955,
17628,1.38283,0.0709024,25.6831,
17688,1.38317,0.0686809,25.6727,
17748,1.38359,0.0688177,25.6561,
17809,1.38412,0.0687641,25.6665,
17869,1.38452,0.0703285,25.6541,
17929,1.38505,0.0701232,25.652,
17989,1.38549,0.0707284,25.6561,
18050,1.38595,0.0711527,25.6355,
18110,1.38637,0.0709469,25.6499,
18170,1.38675,0.0701183,25.6272,
18230,1.38725,0.0690312,25.6458,
18290,1.38764,0.0692266,25.6417,
18351,1.38814,0.0694268,25.6127,
18411,1.38844,0.0708266,25.6293,
18471,1.38896,0.0708423,25.6334,
18531,1.38926,0.071157,25.6499,
18591,1.38966,0.0689407,25.6293,
18652,1.39005,0.0687581,25.6065,
18712,1.39039,0.0693793,25.6396,
18772,1.39083,0.0703291,25.6106,
18832,1.39124,0.0704786,25.6106,
18892,1.39152,0.0705253,25.6396,
18953,1.39193,0.0709172,25.6127,
19013,1.39216,0.0711737,25.6313,
19073,1.39253,0.0692909,25.6458,
19133,1.39282,0.0697539,25.6127,
19193,1.393,0.0693128,25.6293,
19254,1.39327,0.0696867,25.6293,
19314,1.39367,0.0705403,25.6086,
19374,1.39399,0.0703183,25.6293,
19434,1.39428,0.0702897,25.5693,
19494,1.39461,0.0689302,25.528,
19554,1.3947,0.0690111,25.4992,
19615,1.39491,0.0687712,25.4806,
19675,1.3953,0.0708404,25.4415,
19735,1.39559,0.0709207,25.4353,
19795,1.39592,0.0709772,25.4291,
19855,1.39613,0.0697606,25.4827,
19915,1.39645,0.0698627,25.4703,
19976,1.39661,0.0718798,25.4415,
20036,1.39689,0.0722672,25.4682,
20096,1.39721,0.0718542,25.4538,
20156,1.39746,0.0702478,25.4621,
20216,1.39765,0.0707605,25.4662,
20277,1.39776,0.0705707,25.4724,
20337,1.39787,0.0688828,25.4497,
20397,1.39805,0.0697683,25.4394,
20457,1.39815,0.0693773,25.4538,
20517,1.39825,0.0686719,25.4621,
20577,1.39833,0.0676802,25.4662,
20638,1.39858,0.0680291,25.4744,
20698,1.39868,0.0681379,25.4621,
20758,1.39889,0.069005,25.4703,
20818,1.39913,0.0680595,25.4518,
20878,1.39907,0.0687418,25.4394,
20939,1.39934,,25.4765,
20999,1.39949,0.0700808,25.4765,
21059,1.39957,0.0702417,25.4641,
21119,1.39971,0.0699806,25.4662,
21179,1.39989,0.070775,25.493,
21240,1.40001,0.0712215,25.4909,
21300,1.40036,0.0715242,25.4868,
21360,1.4005,0.0717804,25.4785,
21420,1.40061,0.0716059,25.4847,
21480,1.40071,,25.4806,
21541,1.40079,0.0696495,25.4765,
21601,1.40087,0.0701256,25.4785,
21661,1.40079,0.0705514,25.4888,
21721,1.40112,,25.5012,
21781,1.40111,0.0689312,25.4785,
21842,1.40109,0.0695046,25.495,
21902,1.40113,0.06952,25.4888,
21962,1.40123,0.0690147,25.493,
22022,1.40118,0.0689749,25.5053,
22083,1.40146,0.0705782,25.5095,
22143,1.40155,0.0706619,25.5198,
22203,1.40153,0.0698139,25.5218,
22263,1.40167,0.0700274,25.5198,
22323,1.40169,0.0703934,25.5053,
22383,1.40183,0.0700734,25.5074,
22444,1.40189,0.0701716,25.5239,
22504,1.40179,0.0699485,25.5095,
22564,1.40199,0.0702354,25.528,
22624,1.40213,0.0701976,25.5466,
22684,1.40222,0.0703953,25.5198,
22745,1.40212,0.0687523,25.526,
22805,1.40209,0.0689623,25.5218,
22865,1.40222,0.0689079,25.5198,
22925,1.40227,0.0705744,25.5239,
22985,1.40243,0.0701259,25.4971,
23046,1.40253,0.0699528,25.4579,
23106,1.40257,0.0700075,25.3859,
23166,1.4027,0.0697895,25.353,
23226,1.4027,0.0696525,25.3694,
23286,1.40287,0.0719357,25.4332,
23346,1.40292,0.0713714,25.4167,
23407,1.40297,0.0713261,25.4167,
23467,1.40302,0.068771,25.4291,
23527,1.40313,0.0699308,25.4518,
23587,1.40305,0.0701468,25.427,
23647,1.40321,0.0706571,25.4188,
23708,1.40304,0.0686973,25.392,
23768,1.40318,0.0688115,25.3859,
23828,1.40315,0.0691089,25.425,
23888,1.40322,0.0688539,25.4003,
23948,1.40309,0.0692042,25.4106,
24009,1.40324,0.0688042,25.4126,
24069,1.40328,0.0690339,25.4373,
24129,1.40344,0.0705351,25.427,
24189,1.40342,0.0702501,25.4003,
24250,1.40354,0.0703717,25.4147,
24310,1.4037,0.0702678,25.4085,
24370,1.40371,0.0701739,25.4085,
24430,1.40376,0.0703726,25.4147,
24490,1.40373,0.0702676,25.4353,
24550,1.4039,,25.425,
24610,1.40388,0.068972,25.4415,
24671,1.40384,0.0690218,25.4497,
24731,1.40378,0.0692092,25.4312,
24762,1.40387,0.071331,25.4188,Finish=MaxChargeC
24772,1.23989,-0.703146,25.3776,
24782,1.2306,-0.703035,25.3674,
24792,1.22371,-0.703102,25.392,
24802,1.21787,-0.703072,25.4106,
24812,1.21342,-0.70313,25.3962,
24822,1.20902,-0.703245,25.4435,
24832,1.20458,-0.702964,25.4559,
24842,1.20117,-0.70308,25.5033,
24852,1.1974,-0.703282,25.5053,
24862,1.1941,-0.703011,25.5549,
24872,1.19074,-0.703127,25.6024,
24882,1.18795,-0.703126,25.6003,
24892,1.18525,-0.703068,25.6375,
24902,1.18229,-0.703222,25.6624,
24912,1.1795,-0.703116,25.7162,
24922,1.17684,-0.703106,25.7494,
24933,1.17421,-0.703125,25.7888,
24943,1.1718,-0.703086,25.8241,
24953,1.16925,-0.703317,25.8407,
24963,1.16727,-0.703075,25.8906,
24973,1.16487,-0.703181,25.9155,
24983,1.1627,-0.703181,25.9426,
24993,1.16046,-0.70322,26.0176,
25003,1.15831,-0.702997,26.0093,
25013,1.15645,-0.702968,26.0426,
25023,1.15443,-0.703025,26.0948,
25033,1.15223,-0.703112,26.1408,
25043,1.15024,-0.703286,26.1806,
25053,1.14878,-0.703025,26.1701,
25063,1.1468,-0.703343,26.2162,
25073,1.14458,-0.703208,26.2287,
25083,1.14325,-0.702927,26.2707,
25093,1.1415,-0.703198,26.3336,
25103,1.13981,-0.703149,26.3567,
25113,1.13811,-0.703023,26.3883,
25123,1.13654,-0.703013,26.403,
25133,1.13503,-0.703032,26.4198,
25143,1.13336,-0.703119,26.4493,
25153,1.13175,-0.703177,26.4935,
25163,1.13016,-0.702984,26.5294,
25173,1.12866,-0.70307,26.5526,
25183,1.12724,-0.703157,26.5821,
25193,1.12572,-0.703041,26.6054,
25203,1.12427,-0.702973,26.6772,
25213,1.12263,-0.702963,26.6709,
25223,1.12152,-0.703002,26.6963,
25233,1.11998,-0.702779,26.7069,
25243,1.11896,-0.702992,26.7599,
25253,1.11735,-0.702963,26.815,
25263,1.11606,-0.703214,26.8044,
25273,1.11473,-0.703001,26.8299,
25283,1.11347,-0.703388,26.8575,
25294,1.11204,-0.70331,26.8979,
25304,1.11066,-0.703058,26.917,
25314,1.10957,-0.703126,26.9192,
25324,1.1083,-0.703261,26.9788,
25334,1.10688,-0.703048,26.9916,
25344,1.10592,-0.703067,27.0278,
25354,1.10461,-0.703309,27.0427,
25364,1.10333,-0.702999,27.079,
25374,1.10227,-0.70299,27.0641,
25384,1.10077,-0.703018,27.1004,
25394,1.09984,-0.703337,27.126,
25404,1.09881,-0.703482,27.1581,
25414,1.09717,-0.703066,27.1709,
25424,1.09632,-0.70326,27.2116,
25434,1.09515,-0.703163,27.2288,
25444,1.09376,-0.703114,27.2652,
25454,1.0929,-0.703037,27.2781,
25464,1.09157,-0.703259,27.2995,
25474,1.09033,-0.703162,27.3489,
25484,1.08919,-0.703645,27.3683,
25494,1.08834,-0.703268,27.3769,
25504,1.08708,-0.702968,27.3747,
25514,1.08595,-0.703394,27.4306,
25524,1.0847,-0.702929,27.4242,
25534,1.08344,-0.702968,27.4651,
25545,1.08245,-0.703122,27.478,
25555,1.08113,-0.7032,27.491,
25565,1.08034,-0.703112,27.5449,
25575,1.07897,-0.70317,27.5449,
25585,1.07784,-0.70347,27.5406,
25595,1.07679,-0.70316,27.5838,
25605,1.07548,-0.703083,27.6183,
25615,1.07438,-0.703083,27.6313,
25625,1.07316,-0.703111,27.6291,
25635,1.07176,-0.702995,27.6573,
25645,1.07058,-0.703334,27.6789,
25655,1.06958,-0.703111,27.7092,
25665,1.06811,-0.702888,27.7374,
25675,1.06684,-0.703169,27.7417,
25685,1.06584,-0.703062,27.7526,
25695,1.0642,-0.70313,27.8177,
25705,1.06315,-0.703071,27.7786,
25715,1.06172,-0.702868,27.783,
25725,1.0606,-0.703071,27.822,
25735,1.0591,-0.703226,27.8481,
25745,1.05785,-0.703158,27.8764,
25756,1.05643,-0.703148,27.8807,
25766,1.0549,-0.703206,27.9112,
25776,1.05354,-0.703109,27.9438,
25786,1.05213,-0.703215,27.9569,
25796,1.05047,-0.703002,27.9591,
25806,1.04917,-0.703157,27.9722,
25816,1.04755,-0.702905,28.0136,
25826,1.04612,-0.703031,28.0223,
25836,1.04429,-0.703204,28.0551,
25846,1.04292,-0.703262,28.0398,
25856,1.04128,-0.703011,28.0791,
25866,1.03946,-0.703204,28.0835,
25876,1.03792,-0.703078,28.1097,
25886,1.0361,-0.702875,28.125,
25896,1.0342,-0.703155,28.1272,
25906,1.03265,-0.703203,28.136,
25916,1.03041,-0.703028,28.1491,
25926,1.02846,-0.703106,28.1929,
25936,1.02665,-0.703183,28.217,
25946,1.02451,-0.70297,28.2148,
25956,1.02229,-0.703153,28.2433,
25966,1.01989,-0.703104,28.2082,
25976,1.01684,-0.702959,28.2411,
25986,1.01424,-0.702862,28.2938,
25996,1.01113,-0.703055,28.2521,
26006,1.00756,-0.703025,28.3048,
26016,1.00341,-0.703102,28.2674,
26026,0.998866,-0.703034,28.307,
26036,0.99343,-0.702898,28.3158,
26046,0.987505,-0.702907,28.3465,
26056,0.980411,-0.703089,28.3707,
26066,0.972365,-0.702924,28.3685,
26076,0.963092,-0.703048,28.4456,
26086,0.951239,-0.702911,28.4676,
26096,0.936198,-0.703073,28.4897,
26106,0.916395,-0.703138,28.5361,
26108,0.89945,-0.703137,28.5361,Finish=CutoffV
26139,1.14829,-0.000152293,28.567,
26169,1.17832,-0.000154578,28.5029,
26199,1.19059,-0.000155802,28.4588,
26229,1.19825,-0.000156564,28.3465,
26259,1.20368,-0.000157162,28.2894,
26289,1.20774,-0.00015757,28.1819,
26319,1.21101,-0.000158033,28.1228,
26349,1.21364,-0.000158359,27.9722,
26379,1.21605,-0.000158686,27.8677,
26409,1.2179,-0.000158822,27.8155,
26440,1.21954,-0.000159148,27.7287,
26470,1.22116,-0.000159312,27.6097,
26500,1.22244,-0.000159475,27.5427,
26530,1.22369,-0.000159584,27.407,
26560,1.22493,-0.000159801,27.3747,
26590,1.22587,-0.000159856,27.2931,
26620,1.22711,-0.000160046,27.2138,
26650,1.22803,-0.000160236,27.1709,
26680,1.22875,-0.000160209,27.0961,
26708,1.22964,-0.000160318,27.0278,Finish=MaxDischargeTime
26718,1.39365,,27.079,
26728,1.3968,,27.047,
26738,1.40533,,27.0214,
26748,1.41136,0.48631,27.0129,
26758,1.41635,0.500107,26.9766,
26768,1.42025,0.49893,26.9277,
26778,1.42372,0.495998,26.9447,
26789,1.42674,0.495175,26.9043,
26799,1.42947,0.496441,26.8745,
26809,1.43187,0.494278,26.883,
26819,1.4342,0.496801,26.8384,
26829,1.43609,0.49705,26.815,
26839,1.43805,0.502058,26.798,
26849,1.43951,0.499112,26.8044,
26859,1.44157,0.498118,26.7683,
26869,1.44325,0.500499,26.7789,
26879,1.44509,0.500364,26.7429,
26889,1.44621,0.502454,26.7323,
26899,1.44773,0.503736,26.7365,
26909,1.44899,0.506509,26.7154,
26919,1.4504,0.507652,26.6899,
26929,1.45159,0.50881,26.6751,
26939,1.45278,0.51148,26.6667,
26949,1.45437,0.512439,26.6455,
26959,1.4553,0.51607,26.6455,
26969,1.45648,0.514028,26.6244,
26979,1.45794,0.514501,26.618,
26990,1.45875,0.514938,26.58,
27000,1.45982,0.514927,26.5948,
27010,1.46084,0.517745,26.5504,
27020,1.46209,0.519726,26.5504,
27030,1.46317,0.519378,26.5336,
27040,1.46386,0.520044,26.4935,
27050,1.46486,0.520762,26.5083,
27060,1.4659,0.520575,26.4345,
27070,1.46678,0.520834,26.4598,
27080,1.46814,0.521426,26.4724,
27090,1.46874,0.522589,26.4493,
27100,1.46972,0.522042,26.4387,
27110,1.47088,0.524777,26.4177,
27120,1.47152,0.523916,26.4114,
27130,1.47241,0.524243,26.3756,
27140,1.47315,0.527244,26.3588,
27150,1.47417,0.527511,26.3483,
27160,1.47515,0.530356,26.3546,
27170,1.47598,0.530922,26.342,
27180,1.47651,0.530946,26.2958,
27190,1.4776,0.533542,26.3021,
27200,1.47855,0.533085,26.2811,
27210,1.47969,0.534356,26.2979,
27220,1.48012,0.533919,26.2749,
27230,1.48105,0.533999,26.2476,
27241,1.48243,0.534459,26.2434,
27251,1.48295,0.534402,26.2476,
27261,1.48343,0.534064,26.2141,
27271,1.48446,0.533435,26.2245,
27281,1.48517,0.534235,26.2141,
27291,1.48595,0.534318,26.212,
27301,1.48696,0.53485,26.1701,
27311,1.48761,0.536875,26.1827,
27321,1.48853,0.536945,26.1617,
27331,1.48905,0.539282,26.1617,
27341,1.48999,0.539537,26.1262,
27351,1.49072,0.541227,26.1304,
27361,1.49151,0.542687,26.1471,
27371,1.49234,0.540352,26.122,
27381,1.49316,0.540407,26.1262,
27391,1.49362,0.540784,26.0844,
27401,1.49449,0.540209,26.0969,
27411,1.4955,0.542171,26.1011,
27421,1.49585,0.541437,26.076,
27431,1.49691,0.541768,26.076,
27441,1.49765,0.539463,26.0552,
27451,1.49844,0.540312,26.0531,
27461,1.49902,0.542518,26.0531,
27471,1.49994,0.543725,26.0406,
27481,1.50064,0.544794,26.0447,
27491,1.50132,0.544698,26.0176,
27501,1.50208,0.546701,26.0155,
27512,1.50276,0.542438,26.0134,
27522,1.50345,0.543606,26.0197,
27532,1.50415,0.546638,26.0009,
27542,1.50475,0.546751,25.9822,
27552,1.50539,0.546628,25.9634,
27562,1.50614,0.542208,25.9738,
27572,1.50718,0.544746,25.9259,
27582,1.50774,0.545227,25.903,
27592,1.50841,0.546005,25.8843,
27602,1.50915,0.547043,25.876,
27612,1.5097,0.546154,25.8552,
27622,1.51036,0.547713,25.8531,
27632,1.51119,0.544796,25.795,
27642,1.51173,0.544279,25.8178,
27652,1.51227,0.545062,25.8511,
27662,1.51307,0.547043,25.795,
27672,1.5139,0.550359,25.7929,
27682,1.51432,0.5507,25.7618,
27692,1.51486,0.550004,25.7411,
27702,1.51564,0.549574,25.7183,
27712,1.51636,0.550576,25.7431,
27722,1.51688,0.547338,25.7162,
27732,1.51752,0.54739,25.6872,
27742,1.51826,0.55215,25.6789,
27752,1.51901,0.548442,25.6665,
27762,1.5196,0.552638,25.6665,
27772,1.51991,0.551586,25.6396,
27782,1.52076,0.551628,25.6458,
27792,1.52153,0.552029,25.6417,
27802,1.5221,0.552876,25.6313,
27812,1.52295,0.554867,25.6106,
27822,1.52346,0.555514,25.6499,
27832,1.52392,0.555401,25.6231,
27842,1.52473,0.554542,25.6437,
27853,1.52536,0.553475,25.6375,
27863,1.52588,0.554264,25.621,
27873,1.52636,0.554091,25.6541,
27883,1.52684,0.554259,25.6479,
27893,1.52742,0.554829,25.6396,
27903,1.52803,0.557284,25.6293,
27913,1.52879,0.555735,25.6169,
27923,1.52919,0.557414,25.6396,
27933,1.5299,0.556187,25.6293,
27943,1.53042,0.556131,25.6251,
27953,1.53104,0.553998,25.6272,
27963,1.53149,0.554886,25.6417,
27973,1.53236,0.554898,25.6355,
27983,1.53259,0.556043,25.6272,
27993,1.5334,0.558211,25.6189,
28003,1.5341,0.558759,25.6458,
28013,1.53442,0.557554,25.6437,
28023,1.53533,0.558197,25.652,
28033,1.53563,0.559199,25.6334,
28043,1.53625,0.55821,25.6355,
28053,1.53681,0.559635,25.6334,
28063,1.53725,0.559212,25.621,
28073,1.53783,0.5619,25.621,
28083,1.53832,0.561013,25.6417,
28093,1.53873,0.559986,25.6313,
28103,1.53943,0.556952,25.6396,
28113,1.53969,0.557387,25.6375,
28123,1.54013,0.557926,25.6106,
28133,1.54096,0.558788,25.6272,
28143,1.54107,0.558882,25.6272,
28154,1.54144,0.561742,25.6065,
28164,1.54235,0.560201,25.6189,
28174,1.54271,0.5598,25.6106,
28184,1.54326,0.560045,25.6044,
28193,1.52531,0.560103,25.6127,Finish=Peak
28253,1.40451,,25.6272,
28313,1.39862,0.0618367,25.6396,
28373,1.39627,,25.6313,
28433,1.3957,0.0761375,25.6375,
28494,1.39552,0.0733717,25.592,
28554,1.39534,0.0721782,25.59,
28614,1.39534,,25.5838,
28674,1.39553,0.0701915,25.5549,
28734,1.39561,0.0702921,25.526,
28795,1.39589,0.0700798,25.5611,
28855,1.39618,0.0698781,25.5404,
28915,1.39631,0.0699028,25.495,
28975,1.39663,0.0693567,25.528,
29035,1.39704,0.0692615,25.5012,
29096,1.39738,0.0692976,25.4888,
29156,1.39789,0.0711348,25.4971,
29216,1.39815,0.0704307,25.4765,
29276,1.39843,0.0705285,25.4518,
29337,1.39877,0.0692199,25.4579,
29397,1.39904,0.0689024,25.4579,
29457,1.39935,0.06836,25.4332,
29517,1.39949,0.0697258,25.4353,
29577,1.39973,0.0694492,25.4188,
29638,1.40014,0.0697616,25.4167,
29698,1.40027,0.0698554,25.425,
29758,1.40066,0.07016,25.4044,
29818,1.40099,0.0705581,25.4106,
29878,1.40123,0.0703608,25.3962,
29939,1.40139,,25.425,
29999,1.40172,0.0722736,25.4044,
30059,1.40195,0.0720908,25.4065,
30119,1.4021,,25.4188,
30179,1.40227,0.0706901,25.427,
30239,1.40238,0.0708703,25.3776,
30300,1.40254,0.0711048,25.4003,
30360,1.40268,0.0701821,25.3756,
30420,1.40282,0.0695638,25.3715,
30480,1.40292,0.0690238,25.3715,
30540,1.40291,,25.4003,
30601,1.40284,0.0679617,25.3674,
30661,1.40298,0.0682251,25.3838,
30721,1.40305,,25.4044,
30781,1.40315,0.0685133,25.3591,
30841,1.40334,0.0686118,25.4003,
30901,1.4034,0.0694619,25.3571,
30961,1.40372,0.0708357,25.3674,
31022,1.40377,0.0704489,25.39,
31082,1.40404,0.07036,25.3653,
31142,1.40408,0.0705349,25.3694,
31202,1.40414,,25.3694,
31262,1.40432,0.0713358,25.3345,
31322,1.40443,0.0716034,25.3715,
31383,1.40468,0.0719801,25.3694,
31443,1.40461,0.0705287,25.3756,
31503,1.40468,0.0702938,25.3448,
31563,1.4047,0.0704013,25.3859,
31623,1.40473,0.0685613,25.3838,
31684,1.40472,0.0687004,25.3674,
31744,1.40472,0.0685617,25.3879,
31804,1.4048,0.0691186,25.3859,
31864,1.4048,0.0687698,25.4126,
31924,1.4048,0.0688446,25.392,
31985,1.40491,0.0690723,25.3345,
32045,1.40497,0.0705877,25.3571,
32105,1.40511,0.0705398,25.3653,
32165,1.40522,0.0701847,25.355,
32225,1.40526,0.0700649,25.3468,
32285,1.40533,0.0699286,25.39,
32346,1.4054,0.0716177,25.39,
32406,1.40545,0.0718855,25.3571,
32466,1.4057,0.0718374,25.3694,
32526,1.4058,0.0690882,25.392,
32587,1.40566,0.0702708,25.4003,
32647,1.40579,0.0700381,25.3612,
32707,1.40568,,25.39,
32767,1.40576,0.0685734,25.3879,
32827,1.40568,0.0689129,25.3859,
32888,1.40589,0.0686893,25.39,
32948,1.40572,0.0687121,25.3859,
33008,1.40567,0.0685505,25.3201,
33068,1.40574,0.0689709,25.3201,
33128,1.40577,0.0704531,25.3386,
33188,1.40604,0.0699894,25.3263,
33249,1.40594,0.0701265,25.3242,
33309,1.406,0.0702012,25.3242,
33369,1.40607,0.0701063,25.3427,
33429,1.40617,0.0702454,25.3427,
33490,1.40624,0.0698813,25.3283,
33550,1.40631,0.069556,25.318,
33610,1.40623,0.0696766,25.3242,
33670,1.40628,0.0699944,25.3386,
33730,1.40635,0.0696666,25.318,
33791,1.40639,0.0695718,25.3365,
33851,1.40649,0.0706747,25.3674,
33911,1.40657,0.0714564,25.3406,
33971,1.40665,0.0709582,25.3242,
34031,1.40668,0.0701414,25.3591,
34091,1.4068,0.0695376,25.3776,
34152,1.40677,0.0697631,25.3468,
34212,1.40674,0.0695368,25.3612,
34272,1.40676,0.0717441,25.3715,
34332,1.40706,0.0711926,25.3591,
34393,1.40705,0.0707147,25.3509,
34453,1.40722,0.0692381,25.3571,
34513,1.4072,0.0698069,25.3324,
34573,1.40733,0.0689962,25.3571,
34633,1.40733,,25.3715,
34693,1.40749,0.0707566,25.3365,
34754,1.40751,0.0707831,25.3818,
34814,1.40763,0.0703638,25.3653,
34874,1.40777,0.0701801,25.3756,
34934,1.40785,0.0700188,25.3489,
34994,1.40782,0.0701752,25.3653,
35055,1.40797,0.0702324,25.3345,
35115,1.40802,0.0696562,25.3756,
35175,1.40813,0.0695991,25.4291,
35235,1.40815,0.0706172,25.4353,
35296,1.4081,0.0688886,25.427,
35356,1.40807,0.0689808,25.4538,
35416,1.408,0.0687803,25.4373,
35476,1.40816,0.0703027,25.4209,
35537,1.40824,0.070525,25.3591,
35597,1.40828,0.0706047,25.3263,
35657,1.40837,0.0710071,25.2647,
35717,1.40848,0.0710449,25.2318,
35777,1.40854,0.0699925,25.2216,
35837,1.40854,0.0695983,25.2339,
35898,1.40856,0.0701069,25.2482,
35958,1.40853,0.0704781,25.2811,
36018,1.40859,0.0683461,25.2831,
36078,1.40859,0.0689738,25.2626,
36138,1.40848,0.0689303,25.279,
36199,1.40861,0.0703491,25.2688,
36259,1.40883,0.0696053,25.2524,
36319,1.40886,0.0698639,25.2831,
36379,1.40895,0.0695686,25.2626,
36439,1.40903,0.071934,25.2954,
36500,1.40923,0.0718304,25.279,
36560,1.40923,0.0714816,25.3139,
36620,1.40932,0.0709831,25.3016,
36680,1.40944,0.0710033,25.2749,
36740,1.4094,0.0707647,25.2831,
36800,1.40948,0.0708588,25.2996,
36861,1.40938,0.0691513,25.277,
36921,1.40942,0.0692725,25.316,
36981,1.40941,0.069595,25.2954,
37041,1.40963,0.0696654,25.2996,
37101,1.40931,0.0680559,25.3119,
37162,1.40951,0.0685023,25.2913,
37222,1.40937,0.06829,25.3057,
37282,1.4095,0.0692826,25.3221,
37342,1.40959,0.0693793,25.3139,
37402,1.40958,0.0692631,25.2831,
37462,1.4097,,25.2996,
37523,1.40997,0.0708298,25.2996,
37583,1.40999,0.0709406,25.2954,
37643,1.41013,0.0713646,25.3263,
37703,1.41018,,25.3242,
37764,1.41018,0.0698012,25.3242,
37824,1.41021,0.0695007,25.316,
37884,1.41024,,25.318,
37944,1.41038,0.0708125,25.316,
38004,1.41055,0.0710271,25.2954,
38064,1.41059,0.0717703,25.3345,
38125,1.41069,0.0692545,25.3139,
38185,1.4107,0.0693706,25.3242,
38245,1.41069,0.0697374,25.3406,
38305,1.41093,0.0701246,25.3448,
38366,1.41088,0.0700491,25.3263,
38426,1.41088,0.0688284,25.3386,
38486,1.41086,0.0685359,25.3242,
38546,1.41092,0.068444,25.3098,
38606,1.41089,0.0694676,25.3406,
38667,1.41124,0.0698382,25.3427,
38727,1.41131,0.0702819,25.3304,
38787,1.41141,,25.3448,
38847,1.41162,0.0709806,25.355,
38907,1.41156,0.071181,25.3674,
38968,1.41167,0.0711367,25.3571,
38999,1.41138,,25.3509,Finish=MaxChargeC
39059,1.40757,0.0115984,25.2975,
39119,1.40534,0.0115987,25.2811,
39179,1.40393,0.0115988,25.2667,
39240,1.40291,0.0115989,25.2647,
39300,1.4022,0.011599,25.2626,
39360,1.40154,0.011599,25.2729,
39420,1.40098,0.011599,25.2544,
39481,1.40041,0.0115992,25.2831,
39541,1.39997,0.0115992,25.2524,
39601,1.39957,0.0115993,25.2441,
39661,1.39927,0.0115994,25.2318,
39721,1.39895,0.0115994,25.2565,
39781,1.3987,0.0115995,25.2462,
39842,1.39849,0.0115994,25.2585,
39902,1.39828,0.0115995,25.2359,
39962,1.39816,0.0115995,25.2216,
40022,1.39785,0.0115995,25.2195,
40082,1.39771,0.0115996,25.2298,
40142,1.39765,0.0115996,25.2195,
40203,1.39746,0.0115996,25.2072,
40263,1.39738,0.0115996,25.1868,
40323,1.39707,0.0115994,25.197,
40383,1.39704,0.0115996,25.199,
40443,1.39684,0.0115994,25.1868,
40503,1.39673,0.0115997,25.2134,
40564,1.39669,0.0115997,25.1745,
40624,1.39654,0.0115996,25.2052,
40684,1.39661,0.0115997,25.1704,
40744,1.39647,0.0115997,25.1663,
40804,1.39639,0.0115997,25.1622,
40865,1.39628,0.0115998,25.1888,
40925,1.39641,0.0115997,25.156,
40985,1.39635,0.0115997,25.1376,
41045,1.39632,0.0115997,25.154,
41106,1.39617,0.0115997,25.1601,
41166,1.39623,0.0115997,25.1622,
41226,1.3962,0.0115997,25.1458,
41286,1.3961,0.0115997,25.1581,
41346,1.39628,0.0115998,25.1397,
41406,1.39621,0.0115997,25.1519,
41467,1.39611,0.0115997,25.1335,
41527,1.39605,0.0115998,25.1213,
41587,1.39611,0.0115997,25.1335,
41647,1.39604,0.0115998,25.1458,
41707,1.39603,0.0115997,25.1376,
41767,1.39603,0.0115997,25.1274,
41828,1.39606,0.0115997,25.1376,
41888,1.39607,0.0115997,25.109,
41948,1.3961,0.0115997,25.1274,
42008,1.39613,0.0115997,25.1049,
42068,1.39604,0.0115997,25.1069,
42129,1.39609,0.0115997,25.1008,
42189,1.39591,0.0115997,25.1131,
42249,1.39604,0.0115997,25.1069,
42309,1.39596,0.0115997,25.1069,
42369,1.39607,0.0115997,25.0967,
42429,1.39601,0.0115997,25.1192,
42489,1.39605,0.0115998,25.1151,
42550,1.39608,0.0115997,25.1008,
42610,1.39616,0.0115998,25.1008,
42670,1.39619,0.0115997,25.0988,
42730,1.39613,0.0115997,25.0926,
42791,1.39613,0.0115997,25.0885,
42851,1.39611,0.0115997,25.1131,
42911,1.39616,0.0115997,25.1172,
42971,1.39618,0.0115998,25.1131,
43031,1.39622,0.0115997,25.0906,
43091,1.39612,0.0115999,25.1192,
43152,1.39611,0.0115997,25.109,
43212,1.39613,0.0115997,25.1049,
43272,1.39619,0.0115999,25.1008,
43332,1.3962,0.0115997,25.1253,
43393,1.39628,0.0115997,25.1049,
43453,1.39621,0.0115999,25.109,
43513,1.39632,0.0115996,25.1028,
43573,1.39621,0.0115997,25.0947,
43633,1.39624,0.0115997,25.0763,
43694,1.39627,0.0115998,25.1008,
43754,1.39637,0.0115997,25.0988,
43814,1.39634,0.0115997,25.0844,
43874,1.39632,0.0115996,25.1008,
43934,1.39638,0.0115997,25.0824,
43995,1.39638,0.0115997,25.1069,
44055,1.39639,0.0115997,25.0967,
44115,1.39644,0.0115997,25.111,
44175,1.39648,0.0115997,25.1151,
44235,1.39637,0.0115997,25.0844,
44296,1.39644,0.0115997,25.0763,
44356,1.39644,0.0115997,25.0967,
44416,1.39651,0.0115997,25.1069,
44476,1.39648,0.0115997,25.1069,
44537,1.3966,0.0115997,25.064,
44597,1.39649,0.0115997,25.0518,
44657,1.39653,0.0115997,25.109,
44717,1.39665,0.0115996,25.0763,
44777,1.39665,0.0115997,25.0988,
44838,1.39673,0.0115997,25.0988,
44898,1.3967,0.0115995,25.0722,
44958,1.39669,0.0115997,25.0906,
45018,1.39667,0.0115997,25.0701,
45078,1.39675,0.0115997,25.0701,
45139,1.3969,0.0115996,25.0763,
45199,1.3967,0.0115997,25.0824,
45259,1.39683,0.0115997,25.0885,
45319,1.39685,0.0115997,25.0947,
45380,1.39689,0.0115997,25.0844,
45440,1.39693,0.0115996,25.0783,
45500,1.39694,0.0115996,25.0763,
45560,1.39705,0.0115996,25.1028,
45620,1.39705,0.0115996,25.0763,
45680,1.39709,0.0115996,25.0967,
45741,1.39711,0.0115996,25.0742,
45801,1.39701,0.0115996,25.0804,
45861,1.39709,0.0115996,25.0947,
45921,1.39721,0.0115996,25.0763,
45981,1.39715,0.0115996,25.1008,
46042,1.39727,0.0115996,25.0865,
46102,1.39723,0.0115996,25.0906,
46162,1.39725,0.0115996,25.0722,
46222,1.3973,0.0115996,25.0967,
46282,1.39737,0.0115996,25.111,
46343,1.39747,0.0115996,25.0967,
46403,1.3974,0.0115996,25.0947,
46463,1.39744,0.0115996,25.0804,
46523,1.39756,0.0115996,25.0947,
46583,1.39741,0.0115995,25.0988,
46643,1.39743,0.0115995,25.0906,
46704,1.39763,0.0115996,25.0763,
46764,1.39755,0.0115996,25.0967,
46824,1.39751,0.0115995,25.0947,
46884,1.39761,0.0115995,25.1069,
46944,1.3976,0.0115996,25.0926,
47005,1.3977,0.0115996,25.0885,
47065,1.39758,0.0115995,25.0906,
47125,1.39762,0.0115995,25.0967,
47185,1.39774,0.0115995,25.1028,
47245,1.39779,0.0115995,25.0947,
47305,1.39777,0.0115995,25.1151,
47366,1.39769,0.0115996,25.1028,
47426,1.39777,0.0115997,25.1253,
47486,1.39785,0.0115996,25.109,
47546,1.39782,0.0115995,25.111,
47606,1.39781,0.0115996,25.1069,
47666,1.39792,0.0115995,25.1131,
47727,1.39788,0.0115995,25.1294,
47787,1.39795,0.0115995,25.0804,
47847,1.39796,0.0115995,25.0477,
47907,1.39799,0.0115996,24.9824,
47967,1.39803,0.0115994,24.9457,
48028,1.39796,0.0115995,24.9314,
48088,1.39801,0.0115995,24.9314,
48148,1.39807,0.0115995,24.9701,
48208,1.39807,0.0115994,24.9722,
48268,1.39813,0.0115995,24.9681,
48329,1.39818,0.0115994,24.9844,
48389,1.39822,0.0115995,24.9926,
48449,1.39825,0.0115994,24.9885,
48509,1.39827,0.0115994,24.9824,
48569,1.39822,0.0115996,24.9987,
48629,1.39827,0.0115995,24.9966,
48690,1.39822,0.0115994,25.0068,
48750,1.39838,0.0115995,24.9966,
48810,1.39833,0.0115994,24.9946,
48870,1.39841,0.0115994,24.9905,
48930,1.39834,0.0115994,24.9987,
48991,1.3984,0.0115994,24.9905,
49051,1.39851,0.0115994,25.0007,
49111,1.39844,0.0115995,25.015,
49171,1.39856,0.0115993,25.0089,
49231,1.39848,0.0115994,25.0293,
49291,1.39854,0.0115993,25.0395,
49352,1.39864,0.0115994,25.017,
49412,1.3986,0.0115993,25.0375,
49472,1.39853,0.0115991,25.0191,
49532,1.39867,0.0115994,25.0477,
49592,1.39856,0.0115993,25.0211,
49653,1.39867,0.0115994,25.0334,
49713,1.39864,0.0115994,25.064,
49773,1.39864,0.0115994,25.0354,
49833,1.3987,0.0115993,25.0681,
49893,1.39869,0.0115993,25.0681,
49953,1.39873,0.0115994,25.0701,
50014,1.39874,0.0115994,25.0497,
50074,1.39885,0.0115993,25.0497,
50134,1.39877,0.0115994,25.0742,
50194,1.39888,0.0115994,25.1008,
50254,1.39899,0.0115992,25.0988,
50315,1.39883,0.0115993,25.0988,
50375,1.39889,0.0115993,25.1151,
50435,1.39897,0.0115993,25.1213,
50495,1.39893,0.0115994,25.1131,
50555,1.39898,0.0115994,25.1192,
50616,1.39908,0.0115993,25.1253,
50676,1.39904,0.0115994,25.1315,
50736,1.39909,0.0115993,25.1315,
50796,1.39893,0.0115994,25.1417,
50856,1.39909,0.0115994,25.1417,
50917,1.39901,0.0115994,25.1438,
50977,1.39914,0.0115993,25.1274,
51037,1.39915,0.0115992,25.1438,
51097,1.39906,0.0115993,25.1479,
51157,1.39909,0.0115994,25.1806,
51217,1.39926,0.0115994,25.1192,
51278,1.39915,0.0115993,25.1008,
51338,1.39925,0.0115993,25.0701,
51398,1.39928,0.0115993,25.0375,
51458,1.39913,0.0115994,24.962,
51518,1.39923,0.0115993,25.0068,
51579,1.39926,0.0115993,25.0211,
51639,1.39938,0.0115991,25.0354,
51699,1.39931,0.0115993,25.0375,
51759,1.39932,0.0115993,25.0252,
51820,1.39945,0.0115993,25.0456,
51880,1.39941,0.0115993,25.0477,
51940,1.39944,0.0115993,25.0722,
52000,1.39961,0.0115994,25.0783,
52060,1.39951,0.0115995,25.0885,
52120,1.39946,0.0115993,25.0599,
52181,1.39948,0.0115993,25.0783,
52241,1.39946,0.0115993,25.0906,
52301,1.39947,0.0115993,25.109,
52361,1.39948,0.0115993,25.0885,
52421,1.39956,0.0115993,25.1335,
52482,1.39968,0.0115992,25.111,
52542,1.39947,0.0115993,25.0967,
52602,1.39963,0.0115993,25.1213,
52662,1.39953,0.0115992,25.1213,
52723,1.39961,0.0115992,25.1253,
52783,1.39969,0.0115993,25.1315,
52843,1.39962,0.0115993,25.1315,
52903,1.39976,0.0115993,25.1683,
52963,1.3997,0.0115993,25.1397,
53024,1.39964,0.0115993,25.1172,
53084,1.39969,0.0115993,25.064,
53144,1.39969,0.0115992,25.064,
53204,1.39966,0.0115993,24.9946,
53265,1.39973,0.0115991,24.9824,
53325,1.39978,0.0115992,24.962,
53385,1.3998,0.0115992,24.9314,
53445,1.39975,0.0115994,24.966,
53505,1.39981,0.0115993,25.0313,
53566,1.39983,0.0115993,25.0477,
53626,1.3998,0.0115992,25.0354,
53686,1.39989,0.011599,25.0273,
53746,1.39998,0.0115993,25.0497,
53806,1.39993,0.0115993,25.0375,
53867,1.39994,0.0115992,25.0415,
53927,1.39998,0.0115992,25.0375,
53987,1.39993,0.0115992,25.0783,
54047,1.39997,0.0115993,25.0579,
54108,1.40001,0.0115992,25.064,
54168,1.39991,0.0115992,25.1192,
54228,1.40002,0.0115993,25.109,
54288,1.4,0.0115993,25.0885,
54349,1.40009,0.0115991,25.0334,
54409,1.40003,0.0115992,25.0497,
54469,1.40012,0.0115992,25.013,
54529,1.4,0.0115992,24.9518,
54589,1.4001,0.0115993,24.9579,
54649,1.40022,0.0115992,24.9253,
54710,1.40018,0.0115993,24.9151,
54770,1.40016,0.0115992,24.8968,
54830,1.40025,0.0115993,24.9131,
54890,1.40034,0.0115992,24.9334,
54950,1.40038,0.0115991,24.9579,
55011,1.40051,0.0115991,24.966,
55071,1.40056,0.0115991,24.9762,
55131,1.40062,0.0115992,24.9885,
55191,1.40043,0.0115991,24.9885,
55251,1.4005,0.0115992,25.013,
55312,1.40049,0.0115991,25.013,
55372,1.40048,0.0115992,25.0232,
55432,1.4005,0.0115992,25.0477,
55492,1.40068,0.0115991,25.015,
55552,1.40054,0.0115988,24.9803,
55612,1.40056,0.0115991,24.9579,
55672,1.40065,0.0115991,24.9273,
55733,1.40054,0.0115992,24.9151,
55793,1.40064,0.0115991,24.9192,
55853,1.40079,0.0115991,24.8357,
55913,1.40075,0.0115991,24.8418,
55973,1.40079,0.0115992,24.7992,
56034,1.40075,0.0115991,24.8073,
56094,1.4009,0.0115991,24.8439,
56154,1.40082,0.0115991,24.8703,
56214,1.4009,0.0115991,24.8785,
56274,1.40099,0.0115991,24.8968,
56335,1.40102,0.011599,24.9131,
56395,1.40108,0.0115991,24.8805,
56455,1.40107,0.011599,24.9192,
56515,1.40108,0.0115991,24.9355,
56575,1.40108,0.0115991,24.9436,
56636,1.40106,0.0115991,24.9579,
56696,1.4011,0.0115991,24.9273,
56756,1.40111,0.011599,24.9701,
56816,1.4012,0.0115991,24.9497,
56876,1.40111,0.011599,24.9233,
56937,1.40118,0.0115991,24.9131,
56997,1.4011,0.011599,24.8825,
57057,1.40122,0.0115991,24.9008,
57117,1.4012,0.0115991,24.8012,
57177,1.40122,0.0115991,24.7992,
57237,1.40124,0.0115991,24.7992,
57298,1.40129,0.011599,24.7606,
57358,1.40133,0.011599,24.7464,
57418,1.40132,0.011599,24.7565,
57478,1.40138,0.011599,24.724,
57538,1.40139,0.0115992,24.7484,
57599,1.40146,0.0115991,24.7849,
57659,1.40143,0.0115991,24.8053,
57719,1.40141,0.011599,24.85,
57779,1.40146,0.011599,24.8398,
57839,1.40147,0.0115991,24.85,
57900,1.40146,0.011599,24.8378,
57960,1.40149,0.0115991,24.8724,
58020,1.40145,0.011599,24.8764,
58080,1.40141,0.011599,24.8724,
58140,1.40156,0.011599,24.854,
58200,1.40146,0.011599,24.8012,
58261,1.40165,0.011599,24.7606,
58321,1.4016,0.011599,24.7301,
58381,1.40165,0.011599,24.7423,
58441,1.40161,0.0115991,24.7484,
58501,1.40166,0.011599,24.6794,
58562,1.40163,0.011599,24.7038,
58622,1.40174,0.0115989,24.6693,
58682,1.4017,0.011599,24.6977,
58742,1.40176,0.011599,24.7382,
58802,1.40189,0.011599,24.7626,
58863,1.40182,0.0115988,24.7748,
58923,1.40181,0.011599,24.7829,
58983,1.40183,0.011599,24.8032,
59043,1.4018,0.0115989,24.8154,
59103,1.40193,0.011599,24.8439,
59163,1.40195,0.0115987,24.854,
59224,1.40184,0.011599,24.8561,
59284,1.40197,0.011599,24.8561,
59344,1.4019,0.011599,24.8846,
59404,1.40183,0.0115989,24.8764,
59464,1.40197,0.0115989,24.8642,
59524,1.40198,0.011599,24.8154,
59585,1.40199,0.011599,24.8032,
59645,1.40218,0.011599,24.7829,
59705,1.402,0.0115989,24.7322,
59765,1.40198,0.0115989,24.7403,
59825,1.40207,0.0115989,24.7626,
59885,1.40203,0.011599,24.6997,
59946,1.40209,0.0115989,24.6713,
60006,1.40211,0.0115989,24.6693,
60066,1.40216,0.011599,24.645,
60126,1.40219,0.0115989,24.6329,
60186,1.40213,0.011599,24.6207,
60246,1.40237,0.011599,24.6936,
60307,1.40242,0.0115988,24.6855,
60367,1.40239,0.011599,24.724,
60427,1.40235,0.011599,24.6977,
60487,1.40252,0.0115989,24.72,
60547,1.40238,0.0115988,24.7606,
60608,1.40252,0.0115989,24.7728,
60668,1.40242,0.0115989,24.7728,
60728,1.40241,0.011599,24.8093,
60788,1.40245,0.0115989,24.8174,
60848,1.40248,0.0115991,24.8215,
60909,1.40239,0.0115988,24.852,
60969,1.40248,0.011599,24.85,
61029,1.40243,0.0115989,24.8785,
61089,1.40258,0.0115989,24.8439,
61149,1.40256,0.0115989,24.8357,
61210,1.40254,0.0115989,24.7931,
61270,1.40256,0.0115989,24.8012,
61330,1.40254,0.0115988,24.7768,
61390,1.40262,0.0115989,24.7606,
61450,1.4027,0.0115989,24.7423,
61510,1.40271,0.0115988,24.6957,
61570,1.40269,0.0115988,24.7058,
61631,1.40266,0.0115988,24.7119,
61691,1.40269,0.0115989,24.7301,
61751,1.40266,0.0115988,24.7687,
61811,1.40274,0.0115989,24.7951,
61871,1.40273,0.0115988,24.8235,
61932,1.40279,0.0115988,24.8032,
61992,1.40283,0.0115988,24.8378,
62052,1.4027,0.0115989,24.852,
62112,1.40284,0.0115989,24.8785,
62172,1.4027,0.0115989,24.8866,
62233,1.40275,0.0115989,24.8846,
62293,1.40285,0.0115988,24.8968,
62353,1.40279,0.0115988,24.9008,
62413,1.40279,0.0115988,24.8825,
62473,1.40278,0.0115988,24.8459,
62534,1.40279,0.0115988,24.8154,
62594,1.40276,0.0115988,24.8032,
62654,1.40285,0.0115989,24.7992,
62714,1.40288,0.0115988,24.7931,
62774,1.40288,0.0115988,24.7687,
62834,1.40284,0.0115988,24.7992,
62895,1.4029,0.0115988,24.8317,
62955,1.40287,0.0115988,24.852,
63015,1.40296,0.0115989,24.8683,
63075,1.40299,0.0115988,24.8907,
63136,1.40298,0.0115988,24.8988,
63196,1.40297,0.0115988,24.909,
63256,1.40287,0.0115988,24.9273,
63316,1.40293,0.0115988,24.9294,
63376,1.40288,0.0115989,24.9701,
63436,1.40291,0.011599,24.9783,
63497,1.40295,0.0115988,25.0007,
63557,1.40298,0.011599,25.0109,
63617,1.40294,0.0115988,25.0273,
63677,1.40295,0.0115988,25.0375,
63738,1.40297,0.0115989,25.0763,
63798,1.40305,0.0115988,25.0661,
63858,1.4029,0.0115988,25.0558,
63918,1.403,0.0115988,24.9742,
63978,1.40313,0.0115989,25.0068,
64039,1.40301,0.0115988,24.9538,
64099,1.40313,0.0115988,24.9151,
64159,1.40305,0.0115988,24.911,
64219,1.40316,0.0115988,24.9375,
64279,1.40316,0.0115988,24.9701,
64339,1.40307,0.0115988,25.0007,
64400,1.40337,0.0115988,25.0722,
64460,1.4032,0.0115988,25.0844,
64520,1.40322,0.0115988,25.1213,
64580,1.40336,0.0115988,25.156,
64640,1.40323,0.0115988,25.1847,
64701,1.40335,0.0115988,25.1847,
64761,1.40316,0.0115987,25.2195,
64821,1.40333,0.0115988,25.2441,
64881,1.40325,0.0115988,25.2688,
64941,1.40337,0.0115988,25.2913,
65002,1.4034,0.0115987,25.3448,
65062,1.40322,0.0115988,25.3818,
65122,1.40321,0.0115987,25.3982,
65182,1.40326,0.0115989,25.4147,
65242,1.40326,0.0115988,25.4126,
65303,1.40336,0.0115988,25.4023,
65363,1.40332,0.0115988,25.427,
65423,1.40323,0.0115988,25.4332,
65483,1.40336,0.0115988,25.4332,
65544,1.40328,0.0115986,25.4682,
65604,1.40334,0.0115988,25.4806,
65664,1.40328,0.0115988,25.5012,
65724,1.40322,0.0115988,25.526,
65784,1.40322,0.0115988,25.5239,
65845,1.40328,0.0115987,25.5652,
65905,1.40327,0.0115988,25.5755,
65965,1.40327,0.0115988,25.6148,
66025,1.40321,0.0115988,25.6541,
66085,1.40329,0.0115988,25.6665,
66145,1.40322,0.0115988,25.7017,
66206,1.40326,0.0115988,25.7141,
66266,1.40322,0.0115988,25.7369,
66326,1.40316,0.0115988,25.7618,
66386,1.40329,0.0115988,25.7825,
66447,1.40314,0.0115987,25.7971,
66507,1.40319,0.0115988,25.8012,
66567,1.40312,0.0115988,25.7908,
66627,1.40321,0.0115988,25.8095,
66687,1.40311,0.0115988,25.8282,
66748,1.4031,0.0115988,25.8241,
66808,1.4031,0.0115988,25.795,
66868,1.40313,0.0115988,25.7825,
66928,1.40321,0.0115988,25.7431,
66989,1.40314,0.0115988,25.7286,
67049,1.40318,0.0115987,25.7369,
67109,1.40328,0.0115988,25.7597,
67169,1.40316,0.0115988,25.7722,
67229,1.40318,0.0115988,25.8054,
67290,1.40328,0.0115988,25.8054,
67350,1.40315,0.0115988,25.8095,
67410,1.40321,0.0115988,25.8615,
67470,1.40311,0.0115988,25.8635,
67530,1.40321,0.0115987,25.8781,
67591,1.40314,0.0115988,25.8781,
67651,1.40323,0.0115988,25.9134,
67711,1.40323,0.0115988,25.9259,
67771,1.40314,0.0115988,25.953,
67831,1.40321,0.0115988,25.9697,
67892,1.40326,0.0115988,25.9592,
67952,1.40331,0.0115987,25.9613,
68012,1.40325,0.0115988,25.9488,
68072,1.40322,0.0115988,25.953,
68133,1.4033,0.0115988,25.9343,
68193,1.40323,0.0115988,25.9509,
68253,1.40327,0.0115988,25.9197,
68313,1.40316,0.0115988,25.9259,
68373,1.40325,0.0115988,25.8926,
68434,1.40318,0.011599,25.8906,
68494,1.40338,0.0115988,25.8864,
68554,1.40333,0.0115989,25.8843,
68614,1.40337,0.0115988,25.8885,
68674,1.40321,0.0115988,25.8864,
68735,1.4033,0.0115988,25.9176,
68795,1.40323,0.0115988,25.9218,
68855,1.40338,0.0115988,25.9405,
68915,1.40328,0.0115988,25.9572,
68975,1.40328,0.0115988,25.9801,
69036,1.40335,0.0115988,25.9842,
69096,1.4033,0.0115988,25.9655,
69156,1.40334,0.0115987,25.9488,
69216,1.4034,0.0115988,25.9239,
69276,1.40354,0.0115988,25.9093,
69337,1.40344,0.0115988,25.8635,
69397,1.40349,0.0115987,25.8386,
69457,1.40345,0.0115987,25.7908,
69517,1.4034,0.0115988,25.7701,
69577,1.40349,0.0115987,25.7825,
69638,1.40363,0.0115988,25.7514,
69698,1.4036,0.0115988,25.7141,
69758,1.40366,0.0115987,25.739,
69818,1.40362,0.0115988,25.7411,
69878,1.40376,0.0115987,25.7742,
69938,1.40381,0.0115987,25.795,
69998,1.40373,0.0115988,25.7929,
70058,1.40369,0.0115987,25.7888,
70118,1.40396,0.0115988,25.7805,
70178,1.40384,0.0115987,25.8158,
70238,1.40395,0.0115987,25.8137,
70298,1.40392,0.0115987,25.8282,
70358,1.4041,0.0115985,25.8386,
70418,1.40391,0.0115987,25.8469,
70478,1.40388,0.0115987,25.8324,
70538,1.40397,0.0115986,25.7888,
70598,1.40403,0.0115986,25.7618,
70658,1.40406,0.0115988,25.7411,
70718,1.40404,0.0115987,25.7494,
70778,1.40403,0.0115987,25.7369,
70838,1.40414,0.0115987,25.6996,
70898,1.40411,0.0115987,25.6976,
70959,1.40412,0.0115987,25.6479,
71019,1.40415,0.0115987,25.652,
71079,1.40414,0.0115986,25.6293,
71139,1.40423,0.0115987,25.6251,
71199,1.40432,0.0115987,25.6189,
71259,1.40429,0.0115986,25.6355,
71319,1.40429,0.0115986,25.6748,
71379,1.40443,0.0115986,25.6768,
71439,1.40433,0.0115986,25.6913,
71499,1.40436,0.0115986,25.6893,
71559,1.40451,0.0115986,25.7369,
71619,1.40445,0.0115986,25.7328,
71679,1.40449,0.0115986,25.7224,
71739,1.4045,0.0115986,25.7245,
71799,1.40451,0.0115986,25.739,
71859,1.40451,0.0115986,25.8012,
71919,1.40441,0.0115986,25.7805,
71979,1.40448,0.0115987,25.7597,
72039,1.40462,0.0115986,25.7348,
72099,1.40468,0.0115986,25.7348,
72160,1.4046,0.0115987,25.6872,
72220,1.4046,0.0115986,25.6913,
72280,1.40458,0.0115986,25.6727,
72340,1.40475,0.0115986,25.6624,
72400,1.40468,0.0115987,25.6169,
72460,1.40469,0.0115986,25.5962,
72520,1.40475,0.0115986,25.6479,
72580,1.40474,0.0115985,25.6127,
72640,1.40475,0.0115986,25.559,
72700,1.40475,0.0115986,25.5776,
72760,1.4047,0.0115986,25.5652,
72820,1.40481,0.0115986,25.5735,
72880,1.40486,0.0115986,25.621,
72940,1.40488,0.0115986,25.6355,
73000,1.40501,0.0115985,25.6768,
73060,1.40484,0.0115986,25.6789,
73120,1.405,0.0115986,25.7038,
73180,1.4049,0.0115985,25.6872,
73240,1.40497,0.0115986,25.7245,
73300,1.40502,0.0115986,25.7328,
73360,1.40494,0.0115986,25.7266,
73420,1.40506,0.0115985,25.7058,
73480,1.40522,0.0115983,25.7286,
73540,1.40503,0.0115986,25.7245,
73600,1.40503,0.0115986,25.6437,
73660,1.40519,0.0115986,25.6624,
73720,1.4051,0.0115985,25.6086,
73780,1.40508,0.0115985,25.6024,
73840,1.40516,0.0115985,25.6231,
73901,1.40509,0.0115986,25.559,
73961,1.40516,0.0115985,25.592,
74021,1.40531,0.0115985,25.5673,
74081,1.40518,0.0115985,25.5941,
74141,1.40526,0.0115985,25.6251,
74201,1.40525,0.0115985,25.6417,
74261,1.4053,0.0115985,25.6624,
74321,1.4053,0.0115985,25.6996,
74381,1.40527,0.0115985,25.6893,
74441,1.40541,0.0115985,25.7058,
74501,1.40546,0.0115986,25.739,
74561,1.40541,0.0115985,25.7659,
74621,1.40541,0.0115986,25.7825,
74681,1.40541,0.0115985,25.7701,
74741,1.40526,0.0115985,25.7183,
74801,1.40523,0.0115985,25.7017,
74861,1.40512,0.0115985,25.6644,
74921,1.4052,0.0115985,25.6561,
74981,1.40547,0.0115985,25.6231,
75041,1.40522,0.0115985,25.6396,
75101,1.4053,0.0115985,25.6024,
75161,1.40532,0.0115985,25.6231,
75221,1.4053,0.0115985,25.5817,
75281,1.40547,0.0115985,25.5445,
75342,1.40542,0.0115985,25.5053,
75402,1.40551,0.0115985,25.5012,
75462,1.40556,0.0115985,25.493,
75522,1.40556,0.0115985,25.4992,
75582,1.40565,0.0115985,25.5404,
75642,1.40564,0.0115987,25.5714,
75702,1.4056,0.0115986,25.6065,
75762,1.40556,0.0115984,25.6003,
75822,1.40567,0.0115985,25.6169,
75882,1.40574,0.0115985,25.6396,
75942,1.40578,0.0115985,25.6561,
76002,1.40579,0.0115985,25.6851,
76062,1.40581,0.0115985,25.6976,
76122,1.40575,0.0115985,25.6706,
76182,1.4058,0.0115983,25.6851,
76242,1.40585,0.0115984,25.6499,
76302,1.40579,0.0115985,25.6251,
76362,1.40581,0.0115985,25.6169,
76422,1.40582,0.0115984,25.5569,
76483,1.40598,0.0115984,25.5735,
76543,1.40583,0.0115985,25.6044,
76603,1.40588,0.0115983,25.5797,
76663,1.40584,0.0115985,25.5549,
76723,1.40602,0.0115984,25.5755,
76783,1.40589,0.0115985,25.5528,
76843,1.40589,0.0115985,25.5776,
76903,1.40604,0.0115984,25.5445,
76963,1.40597,0.0115985,25.5528,
77023,1.40608,0.0115984,25.5528,
77083,1.40591,0.0115983,25.5714,
77143,1.40602,0.0115984,25.6251,
77203,1.40608,0.0115984,25.6686,
77263,1.4061,0.0115984,25.6996,
77323,1.40608,0.0115984,25.7141,
77383,1.40603,0.0115984,25.7535,
77443,1.40608,0.0115985,25.7742,
77503,1.40605,0.0115985,25.7701,
77563,1.40609,0.0115985,25.8033,
77623,1.40598,0.0115983,25.8552,
77683,1.40619,0.0115984,25.8469,
77743,1.40609,0.0115984,25.8594,
77803,1.40617,0.0115984,25.8552,
77863,1.40613,0.0115984,25.8656,
77923,1.40601,0.0115984,25.8677,
77983,1.4059,0.0115984,25.9051,
78043,1.4061,0.0115984,25.8656,
78103,1.4061,0.0115984,25.876,
78163,1.40602,0.0115984,25.8968,
78223,1.40606,0.0115984,25.8822,
78284,1.40614,0.0115983,25.8926,
78344,1.40601,0.0115984,25.9426,
78404,1.40624,0.0115985,25.9447,
78464,1.40601,0.0115984,25.9218,
78524,1.40616,0.0115984,25.9551,
78584,1.40605,0.0115984,25.9405,
78644,1.40614,0.0115984,25.9572,
78704,1.40625,0.0115985,25.9634,
78764,1.40604,0.0115984,25.9822,
78824,1.40611,0.0115984,25.9447,
78884,1.40609,0.0115984,25.9488,
78944,1.406,0.0115986,25.9717,
79004,1.40616,0.0115985,25.9884,
79064,1.40605,0.0115984,26.0489,
79124,1.40618,0.0115984,26.0719,
79184,1.40602,0.0115984,26.076,
79244,1.40609,0.0115984,26.1053,
79304,1.4061,0.0115984,26.1387,
79364,1.40615,0.0115984,26.1764,
79424,1.40609,0.0115981,26.191,
79485,1.40607,0.0115984,26.2204,
79545,1.40606,0.0115984,26.2434,
79605,1.40609,0.0115984,26.2413,
79665,1.40607,0.0115984,26.2434,
79725,1.40604,0.0115984,26.2162,
79785,1.4062,0.0115985,26.2707,
79845,1.40603,0.0115985,26.2581,
79905,1.4061,0.0115984,26.2413,
79965,1.40609,0.0115984,26.2811,
80025,1.40606,0.0115984,26.2518,
80085,1.40597,0.0115984,26.2539,
80145,1.40604,0.0115984,26.256,
80205,1.40611,0.0115984,26.2644,
80265,1.40611,0.0115985,26.2937,
80325,1.40604,0.0115985,26.2224,
80385,1.40615,0.0115984,26.2728,
80445,1.40607,0.0115984,26.2979,
80505,1.40604,0.0115984,26.3084,
80565,1.4061,0.0115984,26.3105,
80625,1.40612,0.0115985,26.2728,
80685,1.40606,0.0115984,26.2769,
80745,1.40602,0.0115984,26.2811,
80805,1.40607,0.0115985,26.3294,
80865,1.4062,0.0115984,26.3988,
80926,1.40623,0.0115984,26.3946,
80986,1.40603,0.0115984,26.3714,
81046,1.40613,0.0115984,26.4177,
81106,1.40606,0.0115984,26.4198,
81166,1.40612,0.0115985,26.4851,
81226,1.40609,0.0115983,26.4851,
81286,1.40615,0.0115984,26.5294,
81346,1.40613,0.0115984,26.5146,
81406,1.40607,0.0115984,26.5083,
81466,1.40606,0.0115984,26.4935,
81526,1.40611,0.0115985,26.4682,
81586,1.4061,0.0115984,26.4788,
81646,1.40612,0.0115981,26.4935,
81706,1.4061,0.0115984,26.5272,
81766,1.40612,0.0115984,26.5504,
81826,1.40623,0.0115984,26.4851,
81886,1.40616,0.0115984,26.483,
81946,1.40609,0.0115984,26.4387,
82006,1.40621,0.0115984,26.4219,
82066,1.40623,0.0115984,26.4072,
82126,1.40618,0.0115984,26.3925,
82186,1.40626,0.0115984,26.3735,
82246,1.40636,0.0115984,26.4135,
82306,1.40621,0.0115982,26.3904,
82366,1.40628,0.0115984,26.3967,
82426,1.40624,0.0115984,26.4451,
82486,1.40628,0.0115984,26.4303,
82547,1.40636,0.0115984,26.483,
82607,1.40634,0.0115984,26.4682,
82667,1.40636,0.0115984,26.5167,
82727,1.40621,0.0115984,26.4956,
82787,1.4063,0.0115984,26.5441,
82847,1.40632,0.0115984,26.5526,
82907,1.40632,0.0115984,26.561,
82967,1.40628,0.0115984,26.599,
83027,1.40633,0.0115984,26.58,
83087,1.40626,0.0115984,26.5673,
83147,1.40635,0.0115984,26.5631,
83207,1.40631,0.0115984,26.5737,
83267,1.40639,0.0115984,26.5294,
83327,1.40632,0.0115983,26.4956,
83387,1.40642,0.0115983,26.4724,
83447,1.40638,0.0115984,26.4619,
83507,1.40648,0.0115983,26.4303,
83567,1.40644,0.0115984,26.3862,
83627,1.40641,0.0115984,26.3925,
83687,1.40641,0.0115984,26.3693,
83747,1.40644,0.0115983,26.3399,
83807,1.40647,0.0115983,26.2811,
83868,1.40658,0.0115983,26.2623,
83928,1.40649,0.0115984,26.2539,
83988,1.4067,0.0115983,26.2518,
84048,1.40663,0.0115983,26.212,
84108,1.4066,0.0115984,26.2413,
84168,1.40672,0.0115983,26.1827,
84228,1.40671,0.0115983,26.2057,
84288,1.40673,0.0115983,26.212,
84348,1.4068,0.0115983,26.2518,
84408,1.40685,0.0115983,26.2434,
84468,1.40684,0.0115983,26.235,
84528,1.40688,0.0115983,26.2958,
84588,1.4069,0.0115984,26.2874,
84648,1.40683,0.0115983,26.2937,
84708,1.40689,0.0115983,26.3063,
84768,1.40697,0.0115983,26.3042,
84828,1.40699,0.0115983,26.2749,
84888,1.40702,0.0115982,26.2958,
84948,1.4071,0.0115983,26.2455,
85008,1.40696,0.0115983,26.212,
85068,1.40697,0.0115983,26.1827,
85128,1.40724,0.0115983,26.1743,
85188,1.40728,0.0115983,26.1115,
85248,1.40718,0.0115983,26.0593,
85308,1.40723,0.0115983,26.099,
85369,1.4073,0.0115982,26.0969,
85429,1.40742,0.0115983,26.0614,
85489,1.40735,0.0115982,25.9863,
85549,1.4074,0.0115982,25.9447,
85609,1.40744,0.0115983,25.9717,
85669,1.40747,0.0115982,25.9488,
85729,1.40765,0.0115983,25.9363,
85789,1.40759,0.0115983,25.9343,
85849,1.40756,0.0115983,26.0051,
85909,1.40759,0.0115982,26.0301,
85969,1.4076,0.0115983,26.0072,
86029,1.40778,0.0115982,26.0072,
86089,1.40772,0.0115982,26.0259,
86149,1.4078,0.0115981,26.0093,
86209,1.40782,0.0115982,26.0572,
86269,1.40783,0.0115982,26.0343,
86329,1.4078,0.0115983,26.051,
86389,1.40783,0.0115982,26.0009,
86449,1.4079,0.0115981,25.9384,
86509,1.40795,0.0115981,25.8864,
86569,1.408,0.0115982,25.8635,
86629,1.408,0.0115982,25.8531,
86689,1.40794,0.0115982,25.849,
86749,1.40794,0.0115981,25.7473,
86810,1.40811,0.011598,25.7369,
86870,1.4082,0.0115982,25.7473,
86930,1.40823,0.0115982,25.7659,
86990,1.40814,0.0115981,25.8199,
87050,1.40817,0.0115982,25.8428,
87110,1.40834,0.0115982,25.8511,
87170,1.40817,0.0115981,25.8698,
87230,1.40825,0.0115981,25.8698,
87290,1.40832,0.0115981,25.8698,
87350,1.40831,0.0115981,25.876,
87410,1.40827,0.0115982,25.876,
87470,1.4084,0.0115982,25.9051,
87530,1.40843,0.0115982,25.8885,
87590,1.40845,0.011598,25.8386,
87650,1.40832,0.0115981,25.822,
87710,1.40852,0.0115981,25.7888,
87770,1.40842,0.0115981,25.7784,
87830,1.40852,0.0115981,25.768,
87890,1.40862,0.0115982,25.7618,
87950,1.40854,0.0115981,25.7079,
88010,1.40873,0.0115981,25.6499,
88070,1.40859,0.0115981,25.6086,
88130,1.40857,0.0115981,25.6106,
88190,1.40867,0.0115981,25.5652,
88250,1.40878,0.011598,25.5797,
88311,1.40884,0.0115981,25.5982,
88371,1.4088,0.0115982,25.652,
88431,1.40885,0.011598,25.6561,
88491,1.40884,0.0115981,25.6996,
88551,1.40887,0.011598,25.6541,
88611,1.40905,0.011598,25.6644,
88671,1.409,0.0115981,25.681,
88731,1.40895,0.0115981,25.6872,
88791,1.40908,0.011598,25.7141,
88851,1.40912,0.011598,25.7058,
88911,1.40906,0.011598,25.6789,
88971,1.40912,0.011598,25.6789,
89031,1.40922,0.011598,25.6976,
89091,1.40935,0.0115978,25.7183,
89151,1.4092,0.011598,25.7224,
89211,1.40923,0.011598,25.7286,
89271,1.40918,0.011598,25.7286,
89331,1.40922,0.011598,25.71,
89391,1.40923,0.011598,25.6313,
89451,1.40927,0.0115981,25.6024,
89511,1.40925,0.011598,25.5569,
89571,1.40932,0.011598,25.5673,
89632,1.40934,0.011598,25.4847,
89692,1.40943,0.011598,25.4641,
89752,1.40941,0.011598,25.427,
89812,1.40941,0.011598,25.4621,
89872,1.40953,0.011598,25.4909,
89932,1.40951,0.0115981,25.5301,
89992,1.4095,0.011598,25.5445,
90052,1.40952,0.0115981,25.5363,
90112,1.40967,0.011598,25.5631,
90172,1.40965,0.011598,25.559,
90232,1.40963,0.011598,25.5838,
90292,1.40968,0.011598,25.5693,
90352,1.40961,0.0115979,25.5941,
90412,1.40974,0.011598,25.6148,
90472,1.40961,0.0115979,25.5941,
90532,1.40978,0.011598,25.6106,
90592,1.40981,0.011598,25.592,
90652,1.40985,0.0115979,25.6251,
90713,1.40969,0.011598,25.6231,
90773,1.40993,0.0115979,25.5549,
90833,1.40977,0.0115979,25.5322,
90893,1.40983,0.011598,25.4847,
90953,1.40983,0.011598,25.4744,
91013,1.40984,0.011598,25.4106,
91073,1.40979,0.011598,25.4044,
91133,1.41011,0.0115979,25.3448,
91193,1.40987,0.011598,25.3859,
91253,1.41012,0.0115978,25.3962,
91313,1.40992,0.0115981,25.4373,
91373,1.40998,0.011598,25.4065,
91433,1.41004,0.0115979,25.4373,
91493,1.40995,0.011598,25.4188,
91553,1.41008,0.011598,25.4538,
91613,1.41017,0.0115979,25.4559,
91673,1.4102,0.011598,25.4538,
91733,1.41021,0.0115979,25.4518,
91793,1.41009,0.0115979,25.4682,
91854,1.41023,0.0115979,25.4559,
91914,1.41022,0.0115978,25.4476,
91974,1.41031,0.0115979,25.4744,
92034,1.41025,0.0115979,25.4806,
92094,1.41025,0.0115979,25.5053,
92154,1.41021,0.011598,25.5095,
92214,1.41036,0.0115979,25.493,
92274,1.41027,0.0115979,25.4888,
92334,1.41036,0.0115979,25.5095,
92394,1.41043,0.0115978,25.5198,
92454,1.41042,0.0115979,25.5301,
92514,1.41045,0.0115978,25.5342,
92574,1.41039,0.0115979,25.5115,
92634,1.41043,0.0115978,25.4641,
92694,1.41051,0.0115978,25.4106,
92754,1.41046,0.0115978,25.3468,
92814,1.41057,0.0115979,25.3324,
92874,1.41055,0.0115978,25.2667,
92934,1.41063,0.0115977,25.2524,
92994,1.41073,0.0115978,25.3201,
93054,1.41076,0.0115978,25.3221,
93114,1.41072,0.0115978,25.3633,
93174,1.41075,0.0115978,25.3509,
93234,1.41086,0.0115978,25.3674,
93294,1.4108,0.0115978,25.3838,
93354,1.4108,0.0115978,25.4085,
93415,1.41083,0.0115978,25.3941,
93475,1.41083,0.0115978,25.3982,
93535,1.41084,0.0115979,25.4188,
93595,1.41092,0.011598,25.425,
93655,1.41093,0.0115978,25.4538,
93715,1.41093,0.0115978,25.4641,
93775,1.41099,0.0115977,25.4497,
93835,1.411,0.0115978,25.4621,
93895,1.41101,0.0115979,25.4703,
93955,1.41094,0.0115978,25.4559,
94015,1.41105,0.0115978,25.4497,
94075,1.41097,0.0115978,25.4703,
94135,1.41097,0.0115978,25.4888,
94195,1.41108,0.0115978,25.4847,
94255,1.41096,0.0115977,25.4188,
94315,1.41105,0.0115978,25.4065,
94375,1.41107,0.0115978,25.3427,
94435,1.41109,0.0115978,25.3386,
94495,1.41117,0.0115978,25.2975,
94555,1.41116,0.0115977,25.2811,
94615,1.41141,0.0115978,25.2872,
94675,1.41123,0.0115978,25.3201,
94735,1.41122,0.0115977,25.3674,
94795,1.41133,0.0115977,25.3797,
94855,1.41128,0.0115978,25.3448,
94915,1.41131,0.0115978,25.3756,
94975,1.41144,0.0115979,25.39,
95035,1.41143,0.0115977,25.3982,
95096,1.41136,0.0115978,25.4023,
95156,1.41122,0.0115978,25.4167,
95216,1.41136,0.0115977,25.4209,
95276,1.41147,0.0115977,25.4312,
95336,1.41142,0.0115977,25.4188,
95396,1.41143,0.0115978,25.4209,
95456,1.41157,0.0115977,25.4003,
95516,1.41145,0.0115978,25.4559,
95576,1.41152,0.0115977,25.4394,
95636,1.41153,0.0115977,25.4476,
95696,1.41142,0.0115977,25.4476,
95756,1.4115,0.0115978,25.4538,
95816,1.41153,0.0115975,25.4518,
95876,1.41158,0.0115977,25.4682,
95936,1.41152,0.0115977,25.4538,
95996,1.41148,0.0115978,25.4744,
96056,1.41164,0.0115977,25.4497,
96116,1.41147,0.0115977,25.4724,
96176,1.41157,0.0115977,25.4785,
96236,1.41155,0.0115977,25.5012,
96296,1.41158,0.0115977,25.4888,
96356,1.41155,0.0115978,25.5074,
96416,1.41162,0.0115977,25.4765,
96476,1.41167,0.0115976,25.5074,
96536,1.41163,0.0115977,25.5198,
96596,1.41166,0.0115977,25.4765,
96656,1.41164,0.0115977,25.4291,
96716,1.41164,0.0115977,25.4312,
96776,1.41165,0.0115977,25.3715,
96836,1.41171,0.0115977,25.3324,
96896,1.41174,0.0115977,25.2831,
96956,1.41171,0.0115977,25.2606,
97016,1.41175,0.0115977,25.2852,
97076,1.4118,0.0115977,25.3591,
97137,1.41192,0.0115977,25.3406,
97197,1.4119,0.0115977,25.3612,
97257,1.4119,0.0115973,25.3591,
97317,1.41215,0.0115976,25.3633,
97377,1.41199,0.0115976,25.4003,
97437,1.41203,0.0115977,25.3982,
97497,1.41209,0.0115977,25.3756,
97557,1.41206,0.0115977,25.3818,
97617,1.41205,0.0115977,25.3776,
97677,1.41207,0.0115976,25.4003,
97737,1.41207,0.0115977,25.4085,
97797,1.41208,0.0115977,25.392,
97857,1.41219,0.0115977,25.4291,
97917,1.41207,0.0115977,25.4373,
97977,1.41192,0.0115977,25.5033,
98037,1.41192,0.0115976,25.5693,
98098,1.41214,0.0115977,25.7784,
98126,,,,Finish=UserRequest:Stop
