Diff,CoreFiles
0.0, file 7 - 7
0.3345270000000003, file 7 - 8
0.6423320000000016, file 7 - 9
2.397696, file 7 - 10
0.7145080000000004, file 7 - 11
5.8836200000000005, file 7 - 12
0.0890029999999998, file 7 - 13
0.5679329999999995, file 7 - 14
0.6239809999999991, file 7 - 15
3.2853010000000005, file 7 - 16
0.9583499999999994, file 7 - 21
8.383277, file 7 - 22
1.4829790000000005, file 7 - 23
7.974433000000001, file 7 - 24
1.984225, file 7 - 25
7.063409999999999, file 7 - 26
3.181186000000001, file 7 - 28
0.290112, file 7 - 32
0.8421819999999993, file 7 - 36
0.1338939999999993, file 7 - 37
3.146008000000001, file 7 - 38
2.0471800000000004, file 7 - 39
5.86176, file 7 - 40
0.4767010000000001, file 7 - 41
3.990793, file 7 - 42
0.3998109999999996, file 7 - 43
1.222575, file 7 - 44
0.5650169999999998, file 7 - 45
1.591040000000001, file 7 - 46
0.1481860000000012, file 7 - 47
1.4252599999999989, file 7 - 49
2.922114999999999, file 7 - 50
1.7271940000000003, file 7 - 51
0.978229, file 7 - 52
1.961697, file 7 - 53
1.7659159999999998, file 7 - 54
11.4381, file 7 - 56
2.25362, file 7 - 57
5.591427, file 7 - 58
0.182786999999999, file 7 - 59
1.7999159999999987, file 7 - 60
4.059603, file 7 - 61
2.213659999999999, file 7 - 62
0.5168859999999986, file 7 - 63
0.1218110000000006, file 7 - 64
1.6719919999999997, file 7 - 65
4.883759, file 7 - 66
8.257147999999999, file 7 - 85
6.387878000000001, file 7 - 86
7.704432000000001, file 7 - 87
9.251924, file 7 - 89
4.5346850000000005, file 7 - 90
1.2883610000000003, file 7 - 91
2.090278, file 7 - 92
3.45716, file 7 - 93
0.9162949999999996, file 7 - 94
3.3124870000000004, file 7 - 95
0.2572729999999985, file 7 - 96
4.0058560000000005, file 7 - 97
2.448181999999999, file 7 - 98
1.040715000000002, file 8 - 9
2.7540480000000005, file 8 - 10
0.6800490000000006, file 8 - 11
5.93227, file 8 - 12
0.5593870000000002, file 8 - 13
0.0924459999999991, file 8 - 14
0.1785659999999987, file 8 - 15
3.0349970000000006, file 8 - 16
0.694309999999999, file 8 - 21
8.390062, file 8 - 22
1.3919770000000005, file 8 - 23
8.043243, file 8 - 24
1.880267, file 8 - 25
7.018523999999999, file 8 - 26
2.946067000000001, file 8 - 28
0.5541520000000004, file 8 - 32
0.4433619999999989, file 8 - 36
0.5954289999999997, file 8 - 37
2.9485170000000016, file 8 - 38
1.8734870000000008, file 8 - 39
5.88042, file 8 - 40
0.8422660000000004, file 8 - 41
3.860757, file 8 - 42
0.0585180000000008, file 8 - 43
1.6537040000000005, file 8 - 44
0.2881449999999994, file 8 - 45
1.4961670000000014, file 8 - 46
0.0285670000000015, file 8 - 47
0.9434699999999984, file 8 - 49
2.796496999999999, file 8 - 50
1.4631539999999998, file 8 - 51
0.5798249999999996, file 8 - 52
2.36315, file 8 - 53
1.3183009999999995, file 8 - 54
11.49484, file 8 - 56
1.8552369999999996, file 8 - 57
5.11333, file 8 - 58
0.0322139999999988, file 8 - 59
1.6058099999999986, file 8 - 60
3.725076, file 8 - 61
1.8142139999999995, file 8 - 62
0.1823589999999982, file 8 - 63
0.5564850000000009, file 8 - 64
1.2340219999999993, file 8 - 65
4.787709, file 8 - 66
7.085337, file 8 - 85
6.238529, file 8 - 86
7.213391, file 8 - 87
9.305004, file 8 - 89
4.270645000000001, file 8 - 90
1.6880170000000008, file 8 - 91
1.9250229999999997, file 8 - 92
3.19312, file 8 - 93
1.367337, file 8 - 94
3.267601, file 8 - 95
0.0772540000000018, file 8 - 96
3.909806, file 8 - 97
2.749915999999999, file 8 - 98
1.7910749999999984, file 9 - 10
0.2635760000000013, file 9 - 11
6.660730000000002, file 9 - 12
0.4424940000000017, file 9 - 13
1.097721000000001, file 9 - 14
1.208407000000001, file 9 - 15
2.115971999999999, file 9 - 16
1.704749000000001, file 9 - 21
9.198177, file 9 - 22
0.4554419999999985, file 9 - 23
8.501723000000002, file 9 - 24
0.9485319999999982, file 9 - 25
7.88616, file 9 - 26
2.026341999999999, file 9 - 28
0.4562870000000015, file 9 - 32
1.484514000000001, file 9 - 36
0.3992160000000022, file 9 - 37
2.0269119999999994, file 9 - 38
0.9441319999999986, file 9 - 39
6.670740000000002, file 9 - 40
0.1351780000000014, file 9 - 41
2.9375619999999985, file 9 - 42
0.9425500000000012, file 9 - 43
0.6676689999999984, file 9 - 44
1.2553680000000014, file 9 - 45
0.5609219999999995, file 9 - 46
0.9118720000000003, file 9 - 47
1.9523980000000003, file 9 - 49
1.8707819999999973, file 9 - 50
2.473593000000002, file 9 - 51
1.6205610000000013, file 9 - 52
1.383206999999998, file 9 - 53
2.350761000000002, file 9 - 54
12.196650000000002, file 9 - 56
2.895952000000001, file 9 - 57
6.123145000000001, file 9 - 58
0.9917800000000008, file 9 - 59
2.5777250000000005, file 9 - 60
4.765791000000002, file 9 - 61
2.855992000000001, file 9 - 62
1.223074, file 9 - 63
0.4636370000000009, file 9 - 64
2.257461000000001, file 9 - 65
5.699540000000002, file 9 - 66
6.268771999999999, file 9 - 85
7.217874000000001, file 9 - 86
8.245717, file 9 - 87
10.019734, file 9 - 89
5.281084000000002, file 9 - 90
0.6460289999999987, file 9 - 91
2.8845600000000013, file 9 - 92
4.203559000000002, file 9 - 93
0.3771399999999981, file 9 - 94
4.135237000000002, file 9 - 95
0.963461, file 9 - 96
4.821637000000002, file 9 - 97
1.789009999999997, file 9 - 98
1.85033, file 10 - 11
7.903730000000001, file 10 - 12
2.341165, file 10 - 13
2.9981009999999992, file 10 - 14
3.0660629999999998, file 10 - 15
0.6304690000000003, file 10 - 16
3.359839, file 10 - 21
10.549427, file 10 - 22
1.105045, file 10 - 23
9.321603, file 10 - 24
0.5988170000000004, file 10 - 25
9.315369999999998, file 10 - 26
0.5361490000000008, file 10 - 28
2.111377, file 10 - 32
3.275588999999999, file 10 - 36
2.263802000000001, file 10 - 37
0.522681000000001, file 10 - 38
0.5798139999999998, file 10 - 39
7.998640000000002, file 10 - 40
1.903436, file 10 - 41
1.4095, file 10 - 42
2.829979, file 10 - 43
1.1751210000000003, file 10 - 44
2.971418, file 10 - 45
0.9939609999999992, file 10 - 46
2.469333999999999, file 10 - 47
3.855427999999999, file 10 - 49
0.3390279999999989, file 10 - 50
4.1286830000000005, file 10 - 51
3.411636, file 10 - 52
0.4805160000000005, file 10 - 53
4.207998, file 10 - 54
13.39998, file 10 - 56
4.687027, file 10 - 57
7.972389, file 10 - 58
2.660741, file 10 - 59
4.281310999999999, file 10 - 60
6.4791240000000005, file 10 - 61
4.647067, file 10 - 62
2.9364069999999987, file 10 - 63
2.3202709999999995, file 10 - 64
4.114074, file 10 - 65
7.190252000000001, file 10 - 66
5.226178999999999, file 10 - 85
8.918261000000001, file 10 - 86
10.146645, file 10 - 87
11.242844000000002, file 10 - 89
6.936174, file 10 - 90
1.1450459999999998, file 10 - 91
4.447985999999999, file 10 - 92
5.858649, file 10 - 93
1.4814010000000006, file 10 - 94
5.564447000000001, file 10 - 95
2.676793999999999, file 10 - 96
6.312349, file 10 - 97
0.0660499999999985, file 10 - 98
5.983770000000001, file 11 - 12
0.4103870000000005, file 11 - 13
1.0673229999999998, file 11 - 14
1.0392599999999994, file 11 - 15
2.754248, file 11 - 16
1.2734629999999996, file 11 - 21
8.532697, file 11 - 22
0.8331199999999997, file 11 - 23
7.901523000000001, file 11 - 24
1.2576799999999997, file 11 - 25
7.25205, file 11 - 26
2.6144750000000005, file 11 - 28
0.0250010000000001, file 11 - 32
1.2209379999999994, file 11 - 36
0.413472000000001, file 11 - 37
2.521922000000001, file 11 - 38
1.477171, file 11 - 39
6.000070000000001, file 11 - 40
0.1800510000000003, file 11 - 41
3.237168, file 11 - 42
0.8992009999999999, file 11 - 43
0.6752089999999996, file 11 - 44
1.279525, file 11 - 45
0.8845350000000006, file 11 - 46
0.405621999999999, file 11 - 47
1.9246499999999995, file 11 - 49
2.170209999999998, file 11 - 50
2.0423070000000005, file 11 - 51
1.356985, file 11 - 52
1.5061959999999992, file 11 - 53
2.181195, file 11 - 54
11.52097, file 11 - 56
2.632376, file 11 - 57
6.305935, file 11 - 58
0.9731649999999994, file 11 - 59
2.5809199999999994, file 11 - 60
4.405125, file 11 - 61
2.592416, file 11 - 62
0.8624079999999988, file 11 - 63
0.2934679999999996, file 11 - 64
2.087271, file 11 - 65
5.105252000000001, file 11 - 66
8.306315999999999, file 11 - 85
7.014291000000001, file 11 - 86
8.159932999999999, file 11 - 87
9.343284, file 11 - 89
4.849798, file 11 - 90
0.909605, file 11 - 91
2.353826, file 11 - 92
3.7722730000000007, file 11 - 93
0.3689289999999994, file 11 - 94
3.5011270000000008, file 11 - 95
0.6027949999999987, file 11 - 96
4.227349000000001, file 11 - 97
1.7914299999999983, file 11 - 98
6.212200000000001, file 12 - 13
5.65089, file 12 - 14
5.659660000000001, file 12 - 15
7.97195, file 12 - 16
5.462810000000001, file 12 - 21
1.954625, file 12 - 22
6.570770000000001, file 12 - 23
4.279143, file 12 - 24
6.990640000000001, file 12 - 25
0.4025399999999988, file 12 - 26
7.878820000000001, file 12 - 28
6.703110000000001, file 12 - 32
5.478020000000001, file 12 - 36
6.228000000000001, file 12 - 37
7.901880000000002, file 12 - 38
6.980300000000001, file 12 - 39
0.4501100000000001, file 12 - 40
6.335790000000001, file 12 - 41
8.72226, file 12 - 42
5.793080000000001, file 12 - 43
7.1288800000000005, file 12 - 44
5.24103, file 12 - 45
6.663010000000002, file 12 - 46
5.355750000000002, file 12 - 47
4.913750000000002, file 12 - 49
7.76319, file 12 - 50
4.819916000000001, file 12 - 51
5.330770000000001, file 12 - 52
7.61069, file 12 - 53
4.686440000000001, file 12 - 54
5.795740999999999, file 12 - 56
4.285617, file 12 - 57
1.1804220000000007, file 12 - 58
5.439910000000001, file 12 - 59
4.083450000000001, file 12 - 60
2.686611, file 12 - 61
4.195730000000001, file 12 - 62
5.693380000000001, file 12 - 63
6.287410000000001, file 12 - 64
4.7185700000000015, file 12 - 65
1.793268, file 12 - 66
10.70757, file 12 - 85
0.2433239999999992, file 12 - 86
0.5776949999999995, file 12 - 87
3.491809, file 12 - 89
2.1651060000000006, file 12 - 90
7.264450000000001, file 12 - 91
4.4292620000000005, file 12 - 92
3.2333620000000005, file 12 - 93
6.88799, file 12 - 94
3.1664890000000003, file 12 - 95
6.107420000000001, file 12 - 96
2.621099, file 12 - 97
7.95117, file 12 - 98
0.6569359999999993, file 13 - 14
0.793393999999999, file 13 - 15
2.8650990000000003, file 13 - 16
1.2038289999999991, file 13 - 21
8.712277, file 13 - 22
1.1494410000000004, file 13 - 23
8.229372999999999, file 13 - 24
1.653457, file 13 - 25
7.37979, file 13 - 26
2.772579000000001, file 13 - 28
0.0446330000000002, file 13 - 32
1.042019999999999, file 13 - 36
0.0792189999999994, file 13 - 37
2.7636390000000013, file 13 - 38
1.6639690000000005, file 13 - 39
6.192200000000001, file 13 - 40
0.4108600000000002, file 13 - 41
3.659024000000001, file 13 - 42
0.4888139999999994, file 13 - 43
1.166458, file 13 - 44
0.6716109999999996, file 13 - 45
1.2594540000000012, file 13 - 46
0.2190979999999985, file 13 - 47
1.5142629999999988, file 13 - 49
2.588967999999999, file 13 - 50
1.972673, file 13 - 51
1.1780669999999998, file 13 - 52
1.829405, file 13 - 53
1.935329, file 13 - 54
11.76292, file 13 - 56
2.4534579999999995, file 13 - 57
5.646843999999999, file 13 - 58
0.376103999999999, file 13 - 59
1.9910129999999984, file 13 - 60
4.284463, file 13 - 61
2.4134979999999997, file 13 - 62
0.7417459999999985, file 13 - 63
0.0476019999999992, file 13 - 64
1.8414049999999995, file 13 - 65
5.184089, file 13 - 66
7.344479, file 13 - 85
6.634614999999999, file 13 - 86
7.836724, file 13 - 87
9.578674, file 13 - 89
4.780164, file 13 - 90
1.0885230000000004, file 13 - 91
2.368212, file 13 - 92
3.702639, file 13 - 93
0.85935, file 13 - 94
3.628867, file 13 - 95
0.4821329999999983, file 13 - 96
4.306186, file 13 - 97
2.373499999999999, file 13 - 98
0.1354429999999996, file 14 - 15
3.522035, file 14 - 16
0.5559199999999999, file 14 - 21
8.117097000000001, file 14 - 22
1.8063769999999997, file 14 - 23
7.841503, file 14 - 24
2.3103929999999995, file 14 - 25
6.765132, file 14 - 26
3.4295150000000003, file 14 - 28
0.6925419999999995, file 14 - 32
0.3867929999999998, file 14 - 36
0.7361549999999988, file 14 - 37
3.4205750000000004, file 14 - 38
2.320905, file 14 - 39
5.60374, file 14 - 40
1.0677959999999995, file 14 - 41
4.315959999999999, file 14 - 42
0.1681219999999998, file 14 - 43
1.8233939999999995, file 14 - 44
0.0146750000000003, file 14 - 45
1.9163900000000005, file 14 - 46
0.4378380000000007, file 14 - 47
0.8573269999999994, file 14 - 49
3.2459039999999986, file 14 - 50
1.324764000000001, file 14 - 51
0.5228400000000004, file 14 - 52
2.488819999999999, file 14 - 53
1.2773780000000003, file 14 - 54
11.21506, file 14 - 56
1.798231, file 14 - 57
4.989908, file 14 - 58
0.2808320000000003, file 14 - 59
1.3340769999999993, file 14 - 60
3.6326300000000007, file 14 - 61
1.7582709999999997, file 14 - 62
0.0899129999999991, file 14 - 63
0.6103490000000001, file 14 - 64
1.183454, file 14 - 65
4.556980000000001, file 14 - 66
8.001415, file 14 - 85
5.977679, file 14 - 86
7.177309, file 14 - 87
9.024034, file 14 - 89
4.132255000000001, file 14 - 90
1.74375, file 14 - 91
1.7299680000000004, file 14 - 92
3.0547300000000006, file 14 - 93
1.5162859999999994, file 14 - 94
3.0142090000000006, file 14 - 95
0.1697000000000009, file 14 - 96
3.679077000000001, file 14 - 97
3.030435999999998, file 14 - 98
3.4436519999999997, file 15 - 16
0.4889750000000002, file 15 - 21
8.116247000000001, file 15 - 22
1.7654379999999992, file 15 - 23
7.848283000000002, file 15 - 24
2.262401999999999, file 15 - 25
6.753507, file 15 - 26
3.353402, file 15 - 28
0.7594869999999991, file 15 - 32
0.2761070000000002, file 15 - 36
0.8463749999999984, file 15 - 37
3.3514220000000003, file 15 - 38
2.2617319999999994, file 15 - 39
5.605270000000001, file 15 - 40
1.1298999999999992, file 15 - 41
4.258531999999999, file 15 - 42
0.2969499999999996, file 15 - 43
1.921051999999999, file 15 - 44
0.0209719999999993, file 15 - 45
1.872382, file 15 - 46
0.3958170000000004, file 15 - 47
0.7210999999999997, file 15 - 49
3.190191999999998, file 15 - 50
1.257819000000001, file 15 - 51
0.4121540000000008, file 15 - 52
2.634786999999999, file 15 - 53
1.141935000000001, file 15 - 54
11.22663, file 15 - 56
1.6875450000000003, file 15 - 57
4.886491, file 15 - 58
0.29367, file 15 - 59
1.3032989999999995, file 15 - 60
3.546510000000001, file 15 - 61
1.6475850000000003, file 15 - 62
0.0037929999999994, file 15 - 63
0.7457919999999998, file 15 - 64
1.0480110000000002, file 15 - 65
4.534115000000002, file 15 - 66
7.701902, file 15 - 85
5.948220000000001, file 15 - 86
7.031548000000001, file 15 - 87
9.034314000000002, file 15 - 89
4.065310000000001, file 15 - 90
1.8544359999999989, file 15 - 91
1.6896110000000006, file 15 - 92
2.987785000000001, file 15 - 93
1.6262309999999989, file 15 - 94
3.002584000000001, file 15 - 95
0.2558200000000006, file 15 - 96
3.656212000000001, file 15 - 97
3.0691079999999977, file 15 - 98
3.604123, file 16 - 21
10.643097, file 16 - 22
2.0072470000000004, file 16 - 23
9.328213000000002, file 16 - 24
1.4965680000000003, file 16 - 25
9.43571, file 16 - 26
0.2147899999999993, file 16 - 28
2.3556610000000004, file 16 - 32
3.600486, file 16 - 36
2.894271000000001, file 16 - 37
0.3208569999999991, file 16 - 38
1.3199399999999997, file 16 - 39
8.086070000000001, file 16 - 40
2.7184260000000005, file 16 - 41
0.5451089999999996, file 16 - 42
3.353913, file 16 - 43
1.8055900000000005, file 16 - 44
3.850318, file 16 - 45
1.8697129999999995, file 16 - 46
3.106066999999999, file 16 - 47
4.379361999999999, file 16 - 49
0.5218490000000013, file 16 - 50
4.372967000000001, file 16 - 51
3.736533000000001, file 16 - 52
0.9230500000000008, file 16 - 53
4.585587, file 16 - 54
13.46065, file 16 - 56
5.0119240000000005, file 16 - 57
8.876728, file 16 - 58
3.619344, file 16 - 59
5.335167999999999, file 16 - 60
6.760073, file 16 - 61
4.971964, file 16 - 62
3.217355999999999, file 16 - 63
2.69786, file 16 - 64
4.491663, file 16 - 65
7.338012000000001, file 16 - 66
6.48338, file 16 - 85
9.696747, file 16 - 86
10.589179, file 16 - 87
11.307164, file 16 - 89
7.180458000000001, file 16 - 90
1.4699430000000002, file 16 - 91
4.635415999999999, file 16 - 92
6.102933, file 16 - 93
2.1118700000000006, file 16 - 94
5.684787, file 16 - 95
2.957742999999999, file 16 - 96
6.460109000000001, file 16 - 97
0.7469450000000016, file 16 - 98
7.852680000000001, file 21 - 22
1.977673, file 21 - 23
7.789003000000001, file 21 - 24
2.461432999999999, file 21 - 25
6.432832, file 21 - 26
3.515073, file 21 - 28
1.2484619999999995, file 21 - 32
0.230172, file 21 - 36
1.234255999999999, file 21 - 37
3.519723000000001, file 21 - 38
2.452933, file 21 - 39
5.358022000000001, file 21 - 40
1.4652369999999992, file 21 - 41
4.431603, file 21 - 42
0.7038629999999998, file 21 - 43
2.283486999999999, file 21 - 44
0.3262009999999995, file 21 - 45
2.0807730000000006, file 21 - 46
0.6199630000000005, file 21 - 47
0.2901259999999994, file 21 - 49
3.3707529999999983, file 21 - 50
0.768844000000001, file 21 - 51
0.1019229999999994, file 21 - 52
2.981934999999999, file 21 - 53
0.6453790000000005, file 21 - 54
11.04813, file 21 - 56
1.1717980000000003, file 21 - 57
4.453836000000001, file 21 - 58
0.5755960000000001, file 21 - 59
0.9845249999999997, file 21 - 60
3.0316000000000005, file 21 - 61
1.141652, file 21 - 62
0.5109080000000007, file 21 - 63
1.215458, file 21 - 64
0.5686200000000001, file 21 - 65
4.167874000000001, file 21 - 66
7.554163, file 21 - 85
5.607380000000001, file 21 - 86
6.531393, file 21 - 87
8.847114, file 21 - 89
3.576335000000001, file 21 - 90
2.358661999999999, file 21 - 91
1.2698930000000006, file 21 - 92
2.4988100000000006, file 21 - 93
2.001330999999998, file 21 - 94
2.681909000000001, file 21 - 95
0.7705490000000008, file 21 - 96
3.2899710000000013, file 21 - 97
3.355782999999998, file 21 - 98
9.160917, file 22 - 23
2.5514290000000006, file 22 - 24
9.604487, file 22 - 25
1.6235850000000007, file 22 - 26
10.551917, file 22 - 28
9.118404, file 22 - 32
7.908716, file 22 - 36
8.726166999999998, file 22 - 37
10.568977000000002, file 22 - 38
9.592857000000002, file 22 - 39
2.410211, file 22 - 40
8.862847, file 22 - 41
11.432307000000002, file 22 - 42
8.258047000000001, file 22 - 43
9.683197, file 22 - 44
7.725447000000001, file 22 - 45
9.257177000000002, file 22 - 46
7.887907, file 22 - 47
7.334494000000001, file 22 - 49
10.428467, file 22 - 50
7.15667, file 22 - 51
7.774016000000001, file 22 - 52
10.232907, file 22 - 53
7.080415, file 22 - 54
3.8136799999999993, file 22 - 56
6.6388240000000005, file 22 - 57
3.3995970000000004, file 22 - 58
7.937927000000002, file 22 - 59
6.507787000000001, file 22 - 60
4.940855, file 22 - 61
6.576811000000001, file 22 - 62
8.163617000000002, file 22 - 63
8.780527000000001, file 22 - 64
7.121213000000001, file 22 - 65
3.93487, file 22 - 66
13.779517, file 22 - 85
2.0518890000000005, file 22 - 86
1.5254330000000005, file 22 - 87
1.5207069999999998, file 22 - 89
4.412302, file 22 - 90
9.831647, file 22 - 91
6.740172000000001, file 22 - 92
5.49812, file 22 - 93
9.429386999999998, file 22 - 94
5.350002, file 22 - 95
8.532494000000003, file 22 - 96
4.798144000000001, file 22 - 97
10.577347, file 22 - 98
8.320313000000002, file 23 - 24
0.4245599999999997, file 23 - 25
7.905539999999999, file 23 - 26
1.8285110000000009, file 23 - 28
0.7292110000000002, file 23 - 32
1.939956, file 23 - 36
1.158757000000001, file 23 - 37
1.6863900000000012, file 23 - 38
0.7094480000000003, file 23 - 39
6.619990000000001, file 23 - 40
0.93981, file 23 - 41
2.431729, file 23 - 42
1.6382549999999996, file 23 - 43
0.0700760000000001, file 23 - 44
2.047996, file 23 - 45
0.0514150000000008, file 23 - 46
1.147984999999999, file 23 - 47
2.663703999999999, file 23 - 49
1.3647709999999988, file 23 - 50
2.7465170000000008, file 23 - 51
2.076003, file 23 - 52
0.7734219999999995, file 23 - 53
2.907373, file 23 - 54
12.09223, file 23 - 56
3.351394, file 23 - 57
7.074406, file 23 - 58
1.7634149999999993, file 23 - 59
3.414039999999998, file 23 - 60
5.117053, file 23 - 61
3.3114339999999998, file 23 - 62
1.5743359999999988, file 23 - 63
1.0196459999999994, file 23 - 64
2.813449, file 23 - 65
5.776212000000001, file 23 - 66
7.895101, file 23 - 85
7.767145, file 23 - 86
8.892707000000001, file 23 - 87
9.922294, file 23 - 89
5.5540080000000005, file 23 - 90
0.1905870000000001, file 23 - 91
3.0417560000000003, file 23 - 92
4.476483, file 23 - 93
0.3763560000000003, file 23 - 94
4.154617, file 23 - 95
1.3147229999999983, file 23 - 96
4.898309000000001, file 23 - 97
1.0316709999999985, file 23 - 98
8.610223000000001, file 24 - 25
3.682111000000001, file 24 - 26
9.236983000000002, file 24 - 28
8.768023000000001, file 24 - 32
7.746283, file 24 - 36
8.252703, file 24 - 37
9.271523000000002, file 24 - 38
8.615063000000001, file 24 - 39
4.392014, file 24 - 40
8.286103, file 24 - 41
9.876063000000002, file 24 - 42
7.956933000000001, file 24 - 43
8.891963, file 24 - 44
7.422163, file 24 - 45
8.389503000000001, file 24 - 46
7.410953000000002, file 24 - 47
7.316693000000002, file 24 - 49
9.154353, file 24 - 50
7.367283, file 24 - 51
7.598193, file 24 - 52
9.138363, file 24 - 53
7.164833, file 24 - 54
0.825475999999999, file 24 - 56
6.928503000000001, file 24 - 57
4.604093000000001, file 24 - 58
7.567663000000001, file 24 - 59
6.577753000000001, file 24 - 60
5.793353000000001, file 24 - 61
6.789403, file 24 - 62
7.8334730000000015, file 24 - 63
8.289623000000002, file 24 - 64
7.171233000000001, file 24 - 65
5.252003, file 24 - 66
10.627463, file 24 - 85
3.096903000000001, file 24 - 86
3.387524000000001, file 24 - 87
1.463211000000001, file 24 - 89
5.357043, file 24 - 90
8.967693, file 24 - 91
7.062873000000001, file 24 - 92
6.219193000000001, file 24 - 93
8.723693, file 24 - 94
6.1966730000000005, file 24 - 95
8.259723000000001, file 24 - 96
5.8405830000000005, file 24 - 97
9.431123, file 24 - 98
8.36282, file 25 - 26
1.3567950000000013, file 25 - 28
1.2129709999999996, file 25 - 32
2.433045999999999, file 25 - 36
1.6649850000000006, file 25 - 37
1.2642420000000012, file 25 - 38
0.2194910000000005, file 25 - 39
7.05876, file 25 - 40
1.4450189999999998, file 25 - 41
1.976565, file 25 - 42
2.142270999999999, file 25 - 43
0.5763039999999998, file 25 - 44
2.549242, file 25 - 45
0.3731449999999988, file 25 - 46
1.6633019999999985, file 25 - 47
3.1677199999999983, file 25 - 49
0.9096069999999992, file 25 - 50
3.230277, file 25 - 51
2.569093, file 25 - 52
0.2725579999999998, file 25 - 53
3.404337, file 25 - 54
12.50181, file 25 - 56
3.844484, file 25 - 57
7.575652, file 25 - 58
2.2417429999999987, file 25 - 59
3.8385999999999982, file 25 - 60
5.605343, file 25 - 61
3.804523999999999, file 25 - 62
2.0626259999999985, file 25 - 63
1.5166099999999991, file 25 - 64
3.310413, file 25 - 65
6.242342, file 25 - 66
7.048636, file 25 - 85
8.271971, file 25 - 86
9.393571, file 25 - 87
10.337253999999998, file 25 - 89
6.037768, file 25 - 90
0.3025029999999994, file 25 - 91
3.5167459999999995, file 25 - 92
4.960243, file 25 - 93
0.882584, file 25 - 94
4.611897, file 25 - 95
1.8030129999999984, file 25 - 96
5.364439000000001, file 25 - 97
0.5264619999999989, file 25 - 98
9.3457, file 26 - 28
7.70487, file 26 - 32
6.529967000000001, file 26 - 36
7.395401999999999, file 26 - 37
9.35908, file 26 - 38
8.35055, file 26 - 39
0.8006209999999989, file 26 - 40
7.556399999999999, file 26 - 41
10.24497, file 26 - 42
6.906104, file 26 - 43
8.3851, file 26 - 44
6.40291, file 26 - 45
8.003890000000002, file 26 - 46
6.59984, file 26 - 47
5.959008000000001, file 26 - 49
9.21726, file 26 - 50
5.706979999999999, file 26 - 51
6.40279, file 26 - 52
8.98407, file 26 - 53
5.68064, file 26 - 54
5.333951000000001, file 26 - 56
5.212522999999999, file 26 - 57
1.920812, file 26 - 58
6.625310000000001, file 26 - 59
5.151287, file 26 - 60
3.456954, file 26 - 61
5.177182, file 26 - 62
6.808764, file 26 - 63
7.438177, file 26 - 64
5.729122, file 26 - 65
2.366418999999999, file 26 - 66
12.82862, file 26 - 85
0.628592, file 26 - 86
0.0222930000000004, file 26 - 87
3.056890000000001, file 26 - 89
2.9297489999999997, file 26 - 90
8.5336, file 26 - 91
5.264607, file 26 - 92
4.012758, file 26 - 93
8.122639999999999, file 26 - 94
3.7509229999999993, file 26 - 95
7.137695000000001, file 26 - 96
3.241741999999999, file 26 - 97
9.330769999999998, file 26 - 98
2.2666110000000006, file 28 - 32
3.5108560000000004, file 28 - 36
2.799951000000002, file 28 - 37
0.1421209999999998, file 28 - 38
1.0939030000000003, file 28 - 39
7.994430000000001, file 28 - 40
2.618922000000001, file 28 - 41
0.6726029999999991, file 28 - 42
3.2613930000000004, file 28 - 43
1.711270000000001, file 28 - 44
3.746203000000001, file 28 - 45
1.7299399999999998, file 28 - 46
2.9320129999999995, file 28 - 47
4.286842, file 28 - 49
0.3943550000000019, file 28 - 50
4.283917000000001, file 28 - 51
3.646903000000001, file 28 - 52
0.8320200000000012, file 28 - 53
4.495337000000001, file 28 - 54
13.366930000000002, file 28 - 56
4.922294, file 28 - 57
8.772613, file 28 - 58
3.501596, file 28 - 59
5.195395, file 28 - 60
6.671143000000001, file 28 - 61
4.882334, file 28 - 62
3.1284259999999997, file 28 - 63
2.60761, file 28 - 64
4.401413, file 28 - 65
7.248662000000001, file 28 - 66
6.285966999999999, file 28 - 85
9.548295, file 28 - 86
10.498149000000002, file 28 - 87
11.213724, file 28 - 89
7.091408000000001, file 28 - 90
1.3803130000000006, file 28 - 91
4.546426, file 28 - 92
6.013883000000002, file 28 - 93
2.0175500000000013, file 28 - 94
5.5947770000000006, file 28 - 95
2.8688129999999994, file 28 - 96
6.370759000000001, file 28 - 97
0.6474410000000023, file 28 - 98
1.0182899999999997, file 32 - 36
0.0142060000000007, file 32 - 37
2.2712610000000013, file 32 - 38
1.2044710000000003, file 32 - 39
6.619890000000001, file 32 - 40
0.2167749999999999, file 32 - 41
3.183141, file 32 - 42
0.5445989999999996, file 32 - 43
1.035025, file 32 - 44
0.922261, file 32 - 45
0.832311000000001, file 32 - 46
0.6284989999999989, file 32 - 47
1.538587999999999, file 32 - 49
2.122290999999999, file 32 - 50
2.0173060000000005, file 32 - 51
1.1465389999999998, file 32 - 52
1.7334729999999996, file 32 - 53
1.893841, file 32 - 54
12.27325, file 32 - 56
2.4202599999999994, file 32 - 57
5.702298, file 32 - 58
0.6728659999999993, file 32 - 59
2.232986999999999, file 32 - 60
4.280062000000001, file 32 - 61
2.390113999999999, file 32 - 62
0.7375539999999987, file 32 - 63
0.0330039999999994, file 32 - 64
1.817082, file 32 - 65
5.43817, file 32 - 66
6.305700999999999, file 32 - 85
6.855842, file 32 - 86
7.779854999999999, file 32 - 87
10.080394, file 32 - 89
4.824796999999999, file 32 - 90
1.1102000000000003, file 32 - 91
2.52943, file 32 - 92
3.747272, file 32 - 93
0.7528689999999996, file 32 - 94
3.953947, file 32 - 95
0.4779129999999986, file 32 - 96
4.5602670000000005, file 32 - 97
2.1073209999999984, file 32 - 98
1.0852979999999983, file 36 - 37
3.5114260000000006, file 36 - 38
2.428646, file 36 - 39
5.403198000000001, file 36 - 40
1.3493359999999994, file 36 - 41
4.422075999999999, file 36 - 42
0.5419639999999998, file 36 - 43
2.1521829999999995, file 36 - 44
0.2291459999999995, file 36 - 45
2.0454360000000005, file 36 - 46
0.5726420000000005, file 36 - 47
0.4678839999999995, file 36 - 49
3.3552959999999983, file 36 - 50
0.999016000000001, file 36 - 51
0.1360470000000005, file 36 - 52
2.867720999999998, file 36 - 53
0.8662470000000005, file 36 - 54
11.05407, file 36 - 56
1.4114380000000004, file 36 - 57
4.638631, file 36 - 58
0.4927340000000001, file 36 - 59
1.0932109999999997, file 36 - 60
3.281714000000001, file 36 - 61
1.3714780000000002, file 36 - 62
0.2610030000000006, file 36 - 63
1.020877, file 36 - 64
0.7729470000000002, file 36 - 65
4.299133000000001, file 36 - 66
7.753285999999999, file 36 - 85
5.733360000000001, file 36 - 86
6.761203000000001, file 36 - 87
8.857304, file 36 - 89
3.806507000000001, file 36 - 90
2.130543, file 36 - 91
1.4427570000000003, file 36 - 92
2.728982000000001, file 36 - 93
1.861653999999999, file 36 - 94
2.7790440000000007, file 36 - 95
0.5206160000000007, file 36 - 96
3.4212300000000013, file 36 - 97
3.273523999999998, file 36 - 98
2.786483000000002, file 37 - 38
1.6839880000000012, file 37 - 39
6.20611, file 37 - 40
0.3603660000000007, file 37 - 41
3.673302000000001, file 37 - 42
0.5680329999999989, file 37 - 43
1.088681000000001, file 37 - 44
0.707615999999999, file 37 - 45
1.2698410000000018, file 37 - 46
0.205531999999998, file 37 - 47
1.593481999999998, file 37 - 49
2.60283, file 37 - 50
2.0031, file 37 - 51
1.2213449999999992, file 37 - 52
1.7638120000000002, file 37 - 53
1.9883099999999991, file 37 - 54
11.77964, file 37 - 56
2.496735999999999, file 37 - 57
5.708586999999999, file 37 - 58
0.3969389999999984, file 37 - 59
2.0175089999999978, file 37 - 60
4.320504999999999, file 37 - 61
2.4567759999999987, file 37 - 62
0.7777879999999979, file 37 - 63
0.1005829999999986, file 37 - 64
1.8943859999999988, file 37 - 65
5.202081, file 37 - 66
7.489981, file 37 - 85
6.654458999999998, file 37 - 86
7.902316999999999, file 37 - 87
9.595004, file 37 - 89
4.810591, file 37 - 90
1.0452450000000009, file 37 - 91
2.390780999999999, file 37 - 92
3.733066, file 37 - 93
0.7824010000000005, file 37 - 94
3.644479, file 37 - 95
0.5181749999999978, file 37 - 96
4.324178, file 37 - 97
2.329852, file 37 - 98
0.9769420000000006, file 38 - 39
8.012640000000001, file 38 - 40
2.591917000000001, file 38 - 41
0.7454019999999988, file 38 - 42
3.2524530000000005, file 38 - 43
1.6978020000000011, file 38 - 44
3.7110250000000007, file 38 - 45
1.637387, file 38 - 46
2.834375, file 38 - 47
4.277901999999999, file 38 - 49
0.3215560000000022, file 38 - 50
4.288567000000002, file 38 - 51
3.647473000000001, file 38 - 52
0.8267800000000015, file 38 - 53
4.493357000000001, file 38 - 54
13.391560000000002, file 38 - 56
4.922864000000001, file 38 - 57
8.737435000000001, file 38 - 58
3.444071, file 38 - 59
5.102842000000001, file 38 - 60
6.673593000000001, file 38 - 61
4.882904, file 38 - 62
3.130876, file 38 - 63
2.605630000000001, file 38 - 64
4.399433, file 38 - 65
7.259492000000002, file 38 - 66
6.208710999999999, file 38 - 85
9.453535000000002, file 38 - 86
10.492909, file 38 - 87
11.237734, file 38 - 89
7.096058000000001, file 38 - 90
1.3808830000000007, file 38 - 91
4.554126, file 38 - 92
6.0185330000000015, file 38 - 93
2.0040820000000013, file 38 - 94
5.608157000000001, file 38 - 95
2.871263, file 38 - 96
6.381589000000002, file 38 - 97
0.6204360000000024, file 38 - 98
7.04743, file 39 - 40
1.4896590000000005, file 39 - 41
1.8126489999999995, file 39 - 42
2.152783, file 39 - 43
0.5953070000000004, file 39 - 44
2.612197, file 39 - 45
0.5926359999999994, file 39 - 46
1.7861269999999991, file 39 - 47
3.1782319999999995, file 39 - 49
0.7456909999999985, file 39 - 50
3.2217770000000003, file 39 - 51
2.564693, file 39 - 52
0.2684899999999993, file 39 - 53
3.403667, file 39 - 54
12.49282, file 39 - 56
3.840084, file 39 - 57
7.638607, file 39 - 58
2.361442, file 39 - 59
4.058090999999998, file 39 - 60
5.598563, file 39 - 61
3.800124, file 39 - 62
2.055845999999999, file 39 - 63
1.5159399999999996, file 39 - 64
3.309743, file 39 - 65
6.230342, file 39 - 66
7.803319999999999, file 39 - 85
8.376807, file 39 - 86
9.397639, file 39 - 87
10.327244, file 39 - 89
6.029268000000001, file 39 - 90
0.2981029999999999, file 39 - 91
3.505776, file 39 - 92
4.951743, file 39 - 93
0.9015870000000006, file 39 - 94
4.599627, file 39 - 95
1.7962329999999986, file 39 - 96
5.352439, file 39 - 97
0.4818219999999983, file 39 - 98
6.336320000000001, file 40 - 41
8.867620000000002, file 40 - 42
5.74507, file 40 - 43
7.15204, file 40 - 44
5.20619, file 40 - 45
6.715280000000002, file 40 - 46
5.358270000000001, file 40 - 47
4.829758000000002, file 40 - 49
7.87243, file 40 - 50
4.672362000000001, file 40 - 51
5.265750000000001, file 40 - 52
7.68699, file 40 - 53
4.582146000000001, file 40 - 54
6.195021999999999, file 40 - 56
4.1492960000000005, file 40 - 57
0.9328810000000006, file 40 - 58
5.415550000000001, file 40 - 59
3.999959000000001, file 40 - 60
2.470524, file 40 - 61
4.079617000000001, file 40 - 62
5.649910000000002, file 40 - 63
6.262670000000001, file 40 - 64
4.620985000000001, file 40 - 65
1.489835, file 40 - 66
11.139310000000002, file 40 - 85
0.4313989999999991, file 40 - 86
0.9182429999999996, file 40 - 87
3.915155, file 40 - 89
1.942413, file 40 - 90
7.298520000000002, file 40 - 91
4.2624260000000005, file 40 - 92
3.0270840000000003, file 40 - 93
6.90115, file 40 - 94
2.9026530000000004, file 40 - 95
6.030226000000002, file 40 - 96
2.347055, file 40 - 97
8.03069, file 40 - 98
3.454308, file 41 - 42
0.8996739999999996, file 41 - 43
0.7283149999999999, file 41 - 44
1.0398619999999998, file 41 - 45
1.050591000000001, file 41 - 46
0.4078289999999989, file 41 - 47
1.9251229999999988, file 41 - 49
2.384683999999999, file 41 - 50
2.2340810000000006, file 41 - 51
1.485383, file 41 - 52
1.4581689999999994, file 41 - 53
2.271835, file 41 - 54
11.87875, file 41 - 56
2.760774, file 41 - 57
6.067919, file 41 - 58
0.6849429999999992, file 41 - 59
2.307980999999999, file 41 - 60
4.567342, file 41 - 61
2.7208139999999994, file 41 - 62
1.0246249999999986, file 41 - 63
0.3841079999999994, file 41 - 64
2.177911, file 41 - 65
5.383328000000001, file 41 - 66
7.560095, file 41 - 85
6.917559000000001, file 41 - 86
8.20796, file 41 - 87
9.698354, file 41 - 89
5.041572, file 41 - 90
0.7812070000000002, file 41 - 91
2.594936, file 41 - 92
3.964047, file 41 - 93
0.4220349999999997, file 41 - 94
3.805477, file 41 - 95
0.7650119999999986, file 41 - 96
4.505425000000001, file 41 - 97
1.9714809999999985, file 41 - 98
4.147838, file 42 - 43
2.5846210000000003, file 42 - 44
4.555809999999999, file 42 - 45
2.349695999999999, file 42 - 46
3.702975999999999, file 42 - 47
5.173286999999998, file 42 - 49
1.066958000000001, file 42 - 50
5.2004470000000005, file 42 - 51
4.558123, file 42 - 52
1.7286900000000005, file 42 - 53
5.400467, file 42 - 54
14.19481, file 42 - 56
5.833513999999999, file 42 - 57
9.58222, file 42 - 58
4.235231999999999, file 42 - 59
5.817022999999999, file 42 - 60
7.585832999999999, file 42 - 61
5.793553999999999, file 42 - 62
4.043115999999999, file 42 - 63
3.5127399999999995, file 42 - 64
5.306543, file 42 - 65
8.157642000000001, file 42 - 66
4.851447, file 42 - 85
10.299222, file 42 - 86
11.394819, file 42 - 87
12.049474, file 42 - 89
8.007938000000001, file 42 - 90
2.291533, file 42 - 91
5.461615999999999, file 42 - 92
6.930413000000001, file 42 - 93
2.8909010000000004, file 42 - 94
6.494047, file 42 - 95
3.783502999999999, file 42 - 96
7.279739000000001, file 42 - 97
1.4828270000000012, file 42 - 98
1.6552719999999996, file 43 - 44
0.1827970000000002, file 43 - 45
1.7482680000000006, file 43 - 46
0.2697160000000008, file 43 - 47
1.0254489999999992, file 43 - 49
3.0777819999999987, file 43 - 50
1.4727070000000009, file 43 - 51
0.6780110000000004, file 43 - 52
2.319470999999999, file 43 - 53
1.4388850000000004, file 43 - 54
11.35756, file 43 - 56
1.953402, file 43 - 57
5.15803, file 43 - 58
0.1127100000000004, file 43 - 59
1.5021989999999992, file 43 - 60
3.783594000000001, file 43 - 61
1.913442, file 43 - 62
0.2408769999999991, file 43 - 63
0.4488420000000002, file 43 - 64
1.344961, file 43 - 65
4.699161000000001, file 43 - 66
7.833293, file 43 - 85
6.145801, file 43 - 86
7.3466580000000015, file 43 - 87
9.166524, file 43 - 89
4.280198, file 43 - 90
1.5885789999999995, file 43 - 91
1.8740460000000003, file 43 - 92
3.2026730000000008, file 43 - 93
1.3481639999999993, file 43 - 94
3.1551810000000007, file 43 - 95
0.0187360000000009, file 43 - 96
3.8212580000000007, file 43 - 97
2.8623139999999982, file 43 - 98
1.7962969999999996, file 44 - 45
0.1811600000000011, file 44 - 46
1.2942129999999987, file 44 - 47
2.680720999999999, file 44 - 49
1.514148999999999, file 44 - 50
3.052331000000001, file 44 - 51
2.28823, file 44 - 52
0.6823889999999997, file 44 - 53
3.062987, file 44 - 54
12.65738, file 44 - 56
3.5636209999999995, file 44 - 57
6.797268, file 44 - 58
1.485619999999999, file 44 - 59
3.106189999999999, file 44 - 60
5.37878, file 44 - 61
3.5236609999999997, file 44 - 62
1.8360629999999984, file 44 - 63
1.1752599999999993, file 44 - 64
2.969063, file 44 - 65
6.212507, file 44 - 66
6.4013, file 44 - 85
7.743139999999999, file 44 - 86
8.983740000000001, file 44 - 87
10.484314, file 44 - 89
5.859822, file 44 - 90
0.0216399999999996, file 44 - 91
3.421041, file 44 - 92
4.782297, file 44 - 93
0.3062800000000002, file 44 - 94
4.634177, file 44 - 95
1.5764499999999986, file 44 - 96
5.334604000000001, file 44 - 97
1.2411709999999987, file 44 - 98
2.156057000000001, file 45 - 46
0.713203000000001, file 45 - 47
0.8426519999999991, file 45 - 49
3.487131999999999, file 45 - 50
1.0950450000000005, file 45 - 51
0.3651930000000001, file 45 - 52
2.554155, file 45 - 53
1.162907, file 45 - 54
10.80327, file 45 - 56
1.6405839999999998, file 45 - 57
5.02641, file 45 - 58
0.3822300000000007, file 45 - 59
1.234898999999999, file 45 - 60
3.436931, file 45 - 61
1.6006239999999994, file 45 - 62
0.1057860000000011, file 45 - 63
0.7248200000000005, file 45 - 64
1.0689829999999998, file 45 - 65
4.226784, file 45 - 66
8.822164999999998, file 45 - 85
5.822861, file 45 - 86
7.111974, file 45 - 87
8.613064, file 45 - 89
3.902536, file 45 - 90
1.901397, file 45 - 91
1.443163, file 45 - 92
2.8250110000000004, file 45 - 93
1.4900169999999997, file 45 - 94
2.6519870000000005, file 45 - 95
0.3653990000000012, file 45 - 96
3.348881000000001, file 45 - 97
3.0113429999999988, file 45 - 98
1.2901569999999998, file 46 - 47
2.7737169999999995, file 46 - 49
1.282737999999998, file 46 - 50
2.849617000000001, file 46 - 51
2.181483000000001, file 46 - 52
0.6649249999999985, file 46 - 53
3.014317000000001, file 46 - 54
12.18299, file 46 - 56
3.456874000000001, file 46 - 57
7.182467000000001, file 46 - 58
1.858574, file 46 - 59
3.4654549999999995, file 46 - 60
5.221243, file 46 - 61
3.416914, file 46 - 62
1.6785259999999995, file 46 - 63
1.1265900000000004, file 46 - 64
2.9203930000000007, file 46 - 65
5.876242000000001, file 46 - 66
7.421780999999998, file 46 - 85
7.898826000000001, file 46 - 86
9.001204000000001, file 46 - 87
10.013794, file 46 - 89
5.657108000000001, file 46 - 90
0.0851069999999992, file 46 - 91
3.143136000000001, file 46 - 92
4.579583000000001, file 46 - 93
0.4874400000000013, file 46 - 94
4.252967000000002, file 46 - 95
1.4189129999999994, file 46 - 96
4.998339000000001, file 46 - 97
0.9208899999999977, file 46 - 98
1.295165, file 47 - 49
2.6360179999999973, file 47 - 50
1.3888070000000017, file 47 - 51
0.7086890000000011, file 47 - 52
2.1436329999999986, file 47 - 53
1.5377520000000011, file 47 - 54
10.90122, file 47 - 56
1.9840800000000007, file 47 - 57
5.739613000000001, file 47 - 58
0.4660860000000003, file 47 - 59
2.175298, file 47 - 60
3.753643000000001, file 47 - 61
1.9441200000000003, file 47 - 62
0.2109259999999998, file 47 - 63
0.3499749999999993, file 47 - 64
1.4438280000000008, file 47 - 65
4.450612000000001, file 47 - 66
10.004092999999996, file 47 - 85
6.524993000000001, file 47 - 86
7.522496000000002, file 47 - 87
8.719274, file 47 - 89
4.196298000000001, file 47 - 90
1.557900999999999, file 47 - 91
1.6982760000000008, file 47 - 92
3.1187730000000013, file 47 - 93
0.9879329999999984, file 47 - 94
2.848917000000001, file 47 - 95
0.0486870000000002, file 47 - 96
3.572709000000001, file 47 - 97
2.3793099999999976, file 47 - 98
4.103230999999997, file 49 - 50
0.4787180000000015, file 49 - 51
0.3318369999999989, file 49 - 52
3.3461719999999984, file 49 - 53
0.4208350000000009, file 49 - 54
10.49725, file 49 - 56
0.9435540000000008, file 49 - 57
4.132581, file 49 - 58
1.1381589999999997, file 49 - 59
0.4767499999999999, file 49 - 60
2.781606000000001, file 49 - 61
0.9035940000000005, file 49 - 62
0.7611110000000002, file 49 - 63
1.4668919999999996, file 49 - 64
0.3269110000000006, file 49 - 65
3.7364300000000017, file 49 - 66
8.858741999999998, file 49 - 85
5.1203520000000005, file 49 - 86
6.319957000000001, file 49 - 87
8.296634000000001, file 49 - 89
3.2862090000000017, file 49 - 90
2.598426999999999, file 49 - 91
0.896085000000001, file 49 - 92
2.208684000000001, file 49 - 93
2.3736129999999984, file 49 - 94
2.2080850000000014, file 49 - 95
1.0207240000000004, file 49 - 96
2.8585270000000014, file 49 - 97
3.887762999999997, file 49 - 98
4.139596999999999, file 50 - 51
3.4913429999999988, file 50 - 52
0.6594199999999993, file 50 - 53
4.332126999999999, file 50 - 54
13.254369999999998, file 50 - 56
4.766733999999999, file 50 - 57
8.513541999999998, file 50 - 58
3.168899999999998, file 50 - 59
4.7500649999999975, file 50 - 60
6.521572999999998, file 50 - 61
4.726773999999998, file 50 - 62
2.9788559999999977, file 50 - 63
2.4443999999999986, file 50 - 64
4.238202999999999, file 50 - 65
7.116572, file 50 - 66
5.918405000000002, file 50 - 85
9.232264, file 50 - 86
10.325549, file 50 - 87
11.099734, file 50 - 89
6.947087999999999, file 50 - 90
1.2247529999999989, file 50 - 91
4.409445999999999, file 50 - 92
5.869562999999999, file 50 - 93
1.8204289999999996, file 50 - 94
5.466336999999999, file 50 - 95
2.719242999999998, file 50 - 96
6.238669, file 50 - 97
0.4132030000000003, file 50 - 98
0.8707670000000004, file 51 - 52
3.750779, file 51 - 53
0.1234650000000004, file 51 - 54
10.42567, file 51 - 56
0.4029539999999992, file 51 - 57
3.684992, file 51 - 58
1.344440000000001, file 51 - 59
0.2156809999999985, file 51 - 60
2.2627559999999995, file 51 - 61
0.372807999999999, file 51 - 62
1.2797520000000016, file 51 - 63
1.984302000000001, file 51 - 64
0.2002240000000008, file 51 - 65
3.423271, file 51 - 66
8.323007, file 51 - 85
4.838536, file 51 - 86
5.762549, file 51 - 87
8.214514, file 51 - 89
2.807491, file 51 - 90
3.127506000000001, file 51 - 91
0.5090619999999995, file 51 - 92
1.729966, file 51 - 93
2.770175, file 51 - 94
1.956057, file 51 - 95
1.5393930000000011, file 51 - 96
2.5453680000000003, file 51 - 97
4.124626999999999, file 51 - 98
3.0037679999999995, file 52 - 53
0.7302, file 52 - 54
10.90338, file 52 - 56
1.275391, file 52 - 57
4.502584, file 52 - 58
0.6287810000000007, file 52 - 59
0.9571639999999988, file 52 - 60
3.145251, file 52 - 61
1.2354309999999993, file 52 - 62
0.3974660000000013, file 52 - 63
1.1569240000000005, file 52 - 64
0.6368999999999996, file 52 - 65
4.1760600000000005, file 52 - 66
7.889333000000001, file 52 - 85
5.597313, file 52 - 86
6.6251560000000005, file 52 - 87
8.708304000000002, file 52 - 89
3.678258000000001, file 52 - 90
2.2665900000000003, file 52 - 91
1.3205749999999998, file 52 - 92
2.600733, file 52 - 93
1.997701, file 52 - 94
2.651867, file 52 - 95
0.6570790000000014, file 52 - 96
3.298157, file 52 - 97
3.409570999999999, file 52 - 98
3.776722, file 53 - 54
13.11628, file 53 - 56
4.279159, file 53 - 57
7.497957999999999, file 53 - 58
2.271315999999999, file 53 - 59
3.878054999999998, file 53 - 60
6.088225999999999, file 53 - 61
4.239198999999999, file 53 - 62
2.5455089999999982, file 53 - 63
1.888994999999999, file 53 - 64
3.682797999999999, file 53 - 65
6.847302, file 53 - 66
5.29025, file 53 - 85
8.524116, file 53 - 86
9.666129, file 53 - 87
10.954553999999998, file 53 - 89
6.55827, file 53 - 90
0.7371779999999993, file 53 - 91
4.090206, file 53 - 92
5.480745, file 53 - 93
0.9827659999999998, file 53 - 94
5.233147, file 53 - 95
2.2858959999999984, file 53 - 96
5.969399, file 53 - 97
0.494055999999999, file 53 - 98
10.277819999999998, file 54 - 56
0.5451909999999998, file 54 - 57
3.744556, file 54 - 58
1.435605000000001, file 54 - 59
0.1613639999999989, file 54 - 60
2.406775, file 54 - 61
0.5052309999999994, file 54 - 62
1.1359420000000011, file 54 - 63
1.8877270000000004, file 54 - 64
0.0939240000000003, file 54 - 65
3.4382180000000004, file 54 - 66
8.843836999999999, file 54 - 85
4.806285, file 54 - 86
5.889613000000001, file 54 - 87
8.073424, file 54 - 89
2.930956000000001, file 54 - 90
2.9967899999999994, file 54 - 91
0.572448, file 54 - 92
1.8534310000000005, file 54 - 93
2.7681659999999995, file 54 - 94
1.9297170000000003, file 54 - 95
1.3955550000000012, file 54 - 96
2.560315000000001, file 54 - 97
4.211042999999998, file 54 - 98
9.89251, file 56 - 57
6.849878, file 56 - 58
10.99708, file 56 - 59
9.670850000000002, file 56 - 60
8.333556, file 56 - 61
9.79602, file 56 - 62
11.25537, file 56 - 63
11.83815, file 56 - 64
10.307849999999998, file 56 - 65
7.477652999999999, file 56 - 66
16.04534, file 56 - 85
5.400648, file 56 - 86
5.138798, file 56 - 87
2.311484, file 56 - 89
7.817771999999998, file 56 - 90
12.78757, file 56 - 91
10.043318, file 56 - 92
8.872361999999999, file 56 - 93
12.422279999999995, file 56 - 94
8.819787999999999, file 56 - 95
11.67843, file 56 - 96
8.28782, file 56 - 97
13.454539999999998, file 56 - 98
3.227193, file 57 - 58
1.9041720000000004, file 57 - 59
0.3182270000000008, file 57 - 60
1.8698390000000005, file 57 - 61
0.0399600000000003, file 57 - 62
1.672878000000001, file 57 - 63
2.432315, file 57 - 64
0.6384910000000001, file 57 - 65
2.9506740000000007, file 57 - 66
9.164724, file 57 - 85
4.321922000000001, file 57 - 86
5.3497650000000005, file 57 - 87
7.680352, file 57 - 89
2.404537000000001, file 57 - 90
3.5419810000000003, file 57 - 91
0.0656030000000001, file 57 - 92
1.3270120000000003, file 57 - 93
3.2730919999999992, file 57 - 94
1.4616000000000005, file 57 - 95
1.932491000000001, file 57 - 96
2.072771000000001, file 57 - 97
4.684961999999999, file 57 - 98
5.408639999999999, file 58 - 59
3.791511000000001, file 58 - 60
1.388254, file 58 - 61
3.2671530000000004, file 58 - 62
4.930971000000001, file 58 - 63
5.632283, file 58 - 64
3.838480000000001, file 58 - 65
0.3574759999999993, file 58 - 66
13.848575, file 58 - 85
0.796451, file 58 - 86
2.168171, file 58 - 87
4.6060870000000005, file 58 - 89
0.8775009999999994, file 58 - 90
6.769174, file 58 - 91
3.241086, file 58 - 92
1.9550259999999997, file 58 - 93
6.490988, file 58 - 94
1.830111, file 58 - 95
5.190584000000001, file 58 - 96
1.2353789999999991, file 58 - 97
8.039399999999999, file 58 - 98
1.5884019999999996, file 59 - 60
3.6928620000000008, file 59 - 61
1.864212, file 59 - 62
0.1501449999999994, file 59 - 63
0.4521219999999998, file 59 - 64
1.3416810000000003, file 59 - 65
4.456742000000001, file 59 - 66
8.867688, file 59 - 85
6.113652, file 59 - 86
7.394813000000001, file 59 - 87
8.809234, file 59 - 89
4.151931000000001, file 59 - 90
1.6378089999999994, file 59 - 91
1.6814950000000004, file 59 - 92
3.0744060000000006, file 59 - 93
1.179339999999999, file 59 - 94
2.874387000000001, file 59 - 95
0.1094680000000006, file 59 - 96
3.578839000000001, file 59 - 97
2.6564239999999977, file 59 - 98
2.119266000000001, file 60 - 61
0.2782670000000005, file 60 - 62
1.4234510000000002, file 60 - 63
2.0490909999999998, file 60 - 64
0.2552879999999993, file 60 - 65
2.953342000000001, file 60 - 66
10.887236, file 60 - 85
4.433371000000001, file 60 - 86
5.788074000000002, file 60 - 87
7.468034000000001, file 60 - 89
2.591810000000001, file 60 - 90
3.223753999999999, file 60 - 91
0.1493980000000009, file 60 - 92
1.5142850000000014, file 60 - 93
2.799909999999999, file 60 - 94
1.4003640000000013, file 60 - 95
1.6830640000000003, file 60 - 96
2.0754390000000016, file 60 - 97
4.279461999999997, file 60 - 98
1.9108620000000007, file 61 - 62
3.542717000000001, file 61 - 63
4.281561, file 61 - 64
2.491054, file 61 - 65
1.1581650000000003, file 61 - 66
10.810413, file 61 - 85
2.513453, file 61 - 86
3.488315, file 61 - 87
6.101347, file 61 - 89
0.5447350000000003, file 61 - 90
5.413093, file 61 - 91
1.7620540000000005, file 61 - 92
0.5327899999999998, file 61 - 93
5.092412999999999, file 61 - 94
0.2939689999999998, file 61 - 95
3.8023300000000018, file 61 - 96
0.2802620000000004, file 61 - 97
6.474991999999999, file 61 - 98
1.6318550000000007, file 62 - 63
2.392355, file 62 - 64
0.5985309999999998, file 62 - 65
2.9369310000000013, file 62 - 66
9.124764, file 62 - 85
4.361882000000001, file 62 - 86
5.389725, file 62 - 87
7.586824, file 62 - 89
2.4346830000000006, file 62 - 90
3.502020999999999, file 62 - 91
0.0738430000000004, file 62 - 92
1.357158000000001, file 62 - 93
3.233131999999999, file 62 - 94
1.4262590000000008, file 62 - 95
1.8914680000000008, file 62 - 96
2.0590280000000014, file 62 - 97
4.645001999999998, file 62 - 98
0.7388439999999992, file 63 - 64
1.051663000000001, file 63 - 65
4.5902220000000025, file 63 - 66
7.267695999999999, file 63 - 85
6.056170000000001, file 63 - 86
7.0310320000000015, file 63 - 87
9.065394, file 63 - 89
4.087243000000002, file 63 - 90
1.8703759999999987, file 63 - 91
1.7382680000000013, file 63 - 92
3.009718000000001, file 63 - 93
1.5496959999999982, file 63 - 94
3.0578410000000016, file 63 - 95
0.2596130000000001, file 63 - 96
3.7123190000000017, file 63 - 97
2.932274999999997, file 63 - 98
1.793803, file 64 - 65
5.232262, file 64 - 66
6.956109999999999, file 64 - 85
6.694012000000001, file 64 - 86
7.777340000000001, file 64 - 87
9.653964, file 64 - 89
4.791793, file 64 - 90
1.1096659999999998, file 64 - 91
2.4015050000000007, file 64 - 92
3.714268000000001, file 64 - 93
0.8804389999999991, file 64 - 94
3.687254000000001, file 64 - 95
0.4792309999999991, file 64 - 96
4.3543590000000005, file 64 - 97
2.3233159999999984, file 64 - 98
3.493510000000001, file 65 - 66
8.749913, file 65 - 85
4.900209, file 65 - 86
5.983537, file 65 - 87
8.104374, file 65 - 89
3.007715000000001, file 65 - 90
2.90349, file 65 - 91
0.6372180000000004, file 65 - 92
1.9301900000000003, file 65 - 93
2.674242, file 65 - 94
1.9781990000000007, file 65 - 95
1.3112760000000012, file 65 - 96
2.6156070000000007, file 65 - 97
4.117118999999998, file 65 - 98
10.909682, file 66 - 85
1.608542999999999, file 66 - 86
2.3456699999999997, file 66 - 87
5.227005999999999, file 66 - 89
0.6311710000000001, file 66 - 90
6.3533740000000005, file 66 - 91
2.954635000000001, file 66 - 92
1.7104310000000005, file 66 - 93
5.944369999999999, file 66 - 94
1.3845040000000002, file 66 - 95
4.890626000000001, file 66 - 96
0.8779029999999999, file 66 - 97
7.197811999999999, file 66 - 98
20.232715, file 85 - 86
14.956379000000002, file 85 - 87
13.966734, file 85 - 89
11.130498, file 85 - 90
5.622743, file 85 - 91
8.392606, file 85 - 92
10.052973, file 85 - 93
6.70758, file 85 - 94
9.077697, file 85 - 95
7.008082999999999, file 85 - 96
10.031779, file 85 - 97
5.5886140000000015, file 85 - 98
1.1420130000000004, file 86 - 87
3.168984, file 86 - 89
2.031045, file 86 - 90
7.863903, file 86 - 91
4.445996, file 86 - 92
3.1085699999999994, file 86 - 93
7.436859999999999, file 86 - 94
3.122330999999999, file 86 - 95
6.315783000000001, file 86 - 96
2.486445999999999, file 86 - 97
8.889039999999998, file 86 - 98
2.87145, file 87 - 89
2.955058, file 87 - 90
8.891746000000001, file 87 - 91
5.273897, file 87 - 92
4.032583, file 87 - 93
8.683363, file 87 - 94
3.773216, file 87 - 95
7.290645000000001, file 87 - 96
3.223572999999999, file 87 - 97
10.160184999999998, file 87 - 98
5.582521, file 89 - 90
10.617174, file 89 - 91
7.828234999999999, file 89 - 92
6.644324999999999, file 89 - 93
10.246264, file 89 - 94
6.58537, file 89 - 95
9.484674000000002, file 89 - 96
6.046389, file 89 - 97
11.293904, file 89 - 98
5.934997, file 90 - 91
2.2939100000000003, file 90 - 92
1.077525, file 90 - 93
5.577666, file 90 - 94
0.8211740000000001, file 90 - 95
4.346884000000001, file 90 - 96
0.2467319999999997, file 90 - 97
6.932117999999999, file 90 - 98
3.541698, file 91 - 92
4.8574720000000005, file 91 - 93
0.2688890000000006, file 91 - 94
4.7826770000000005, file 91 - 95
1.610762999999999, file 91 - 96
5.475471000000001, file 91 - 97
1.1429809999999985, file 91 - 98
1.2174390000000004, file 92 - 93
3.1464159999999994, file 92 - 94
1.5136840000000005, file 92 - 95
2.0125750000000013, file 92 - 96
2.0767320000000007, file 92 - 97
4.448335999999999, file 92 - 98
4.500140999999999, file 93 - 94
0.261835, file 93 - 95
3.269359000000002, file 93 - 96
0.8325280000000003, file 93 - 97
5.854593, file 93 - 98
4.371716999999999, file 94 - 95
1.2900829999999983, file 94 - 96
5.066466999999999, file 94 - 97
1.547450999999999, file 94 - 98
3.386772000000001, file 95 - 96
0.5091810000000002, file 95 - 97
5.579846999999999, file 95 - 98
4.012723000000002, file 96 - 97
2.672661999999997, file 96 - 98
6.319908999999999, file 97 - 98
