0,,,Version=1.30
1,,,ActionStart=20101
11,1.11463,-0.000145247,
21,1.11485,-0.000145301,
31,1.11448,-0.000145328,
41,1.11433,-0.000145274,
51,1.11441,-0.000145274,
61,1.1155,-0.000145437,Finish=MaxDischargeTime
63,0.745238,-0.999442,Finish=CutoffV
93,1.10387,-0.000144322,
123,1.10816,-0.000144566,
153,1.10956,-0.00014473,
183,1.11058,-0.000144784,
213,1.11104,-0.000144893,
243,1.11169,-0.000144975,
273,1.11203,-0.000145029,
303,1.11234,-0.000145002,
333,1.11234,-0.000145056,
363,1.11256,-0.000145056,
393,1.1128,-0.000145111,
423,1.11299,-0.000145083,
453,1.11298,-0.000145138,
483,1.11335,-0.000145138,
513,1.11337,-0.000145165,
543,1.11345,-0.000145138,
574,1.11353,-0.000145355,
604,1.11377,-0.000145192,
634,1.11371,-0.000145219,
663,1.11362,-0.000145192,Finish=MaxDischargeTime
673,1.5231,,
683,1.60208,,
693,1.65107,0.869704,
703,1.67808,0.875165,
713,1.69328,0.874837,
723,1.70207,0.87811,
733,1.70701,0.883515,
743,1.71005,0.888598,
753,1.71223,0.889942,
763,1.71357,0.88777,
773,1.71422,0.891338,
783,1.72829,,
793,1.73564,,
803,1.72596,,
813,1.7263,0.936017,
823,1.72582,0.939418,
833,1.72598,0.934936,
843,1.72579,0.936571,
853,1.72535,0.937283,
863,1.73729,0.938298,
871,1.75526,0.938416,Finish=Peak
901,1.39835,,
931,1.38804,0.0831855,
961,1.38292,0.0819636,
991,1.37977,0.0815674,
1021,1.37767,,
1051,1.37703,0.107219,
1081,1.37665,0.107187,
1111,1.37662,0.106863,
1141,1.37629,0.102987,
1172,1.37616,0.103727,
1202,1.37612,0.103763,
1232,1.37632,0.103914,
1262,1.37637,0.1006,
1292,1.37629,0.101631,
1322,1.37654,0.10118,
1352,1.37715,0.101073,
1382,1.3772,,
1412,1.37747,0.100389,
1443,1.37766,0.10041,
1473,1.37815,0.100249,
1503,1.37836,0.100255,
1533,1.37865,,
1563,1.37921,0.0981958,
1593,1.37942,0.0985932,
1623,1.3795,0.0993215,
1653,1.3799,0.0992599,
1683,1.3804,0.0992855,
1714,1.38071,,
1744,1.38113,0.0999846,
1774,1.38152,0.100249,
1804,1.3817,0.100358,
1834,1.38228,0.100271,
1864,1.38242,0.100325,
1894,1.38283,0.1003,
1924,1.3831,0.100134,
1954,1.38314,,
1984,1.38337,0.0993301,
2014,1.38362,0.0992961,
2045,1.38384,0.0991511,
2075,1.3842,0.0990723,
2105,1.38465,0.098773,
2135,1.38453,0.0991137,
2165,1.38498,0.100171,
2195,1.38517,0.100462,
2225,1.38537,0.100173,
2255,1.38585,0.100162,
2285,1.38602,0.100139,
2315,1.38619,0.100077,
2345,1.38637,0.10027,
2375,1.38664,0.100101,
2406,1.38677,0.0999098,
2436,1.38702,0.100206,
2466,1.38722,0.100155,
2496,1.3875,0.10041,
2526,1.38767,0.100454,
2556,1.38801,0.100431,
2586,1.38821,0.100376,
2616,1.38822,0.100559,
2646,1.3883,0.100434,
2676,1.3886,0.100653,
2707,1.38879,0.100401,
2737,1.38887,,
2767,1.38903,0.0975732,
2797,1.38909,0.0977591,
2827,1.38938,0.0985246,
2857,1.38954,0.0986223,
2887,1.38951,0.0987282,
2918,1.38962,,
2948,1.39004,0.100355,
2978,1.39023,0.100296,
3008,1.39029,0.100082,
3038,1.39075,0.100312,
3068,1.39088,0.100775,
3098,1.39105,0.100482,
3128,1.39112,0.100129,
3159,1.3914,0.0997178,
3189,1.3914,,
3219,1.39176,0.10129,
3249,1.39193,0.101024,
3279,1.39199,0.101183,
3309,1.39226,0.101429,
3339,1.39239,0.101622,
3370,1.39238,,
3400,1.39256,0.0998834,
3430,1.39263,0.0996919,
3460,1.39257,0.0999767,
3490,1.39283,0.100094,
3520,1.39301,0.100142,
3550,1.39323,0.100312,
3580,1.39336,,
3610,1.39336,0.0990416,
3641,1.39345,0.098867,
3671,1.39356,0.0990746,
3701,1.39378,0.0988809,
3731,1.39395,0.0992349,
3761,1.39409,0.0994029,
3791,1.39458,0.0991024,
3821,1.39432,0.0990004,
3851,1.39453,0.0987573,
3882,1.39459,,
3912,1.39477,0.100493,
3942,1.39489,0.100505,
3972,1.39509,0.100667,
4002,1.39525,0.100397,
4032,1.39526,0.100456,
4062,1.39536,,
4093,1.39547,0.0987939,
4123,1.39556,0.0989262,
4153,1.3956,0.0989492,
4183,1.39573,0.0983353,
4213,1.39588,0.0986647,
4243,1.39589,,
4273,1.39617,0.0994146,
4304,1.39632,0.100208,
4334,1.3965,0.100072,
4364,1.39642,0.100022,
4394,1.39662,0.0997522,
4424,1.39671,0.0990835,
4454,1.39683,,
4484,1.39708,0.100712,
4515,1.39719,0.101602,
4545,1.39732,0.101312,
4575,1.39744,0.101601,
4605,1.39742,0.101257,
4635,1.39766,0.10144,
4665,1.3976,0.100672,
4695,1.39768,0.100368,
4725,1.39785,0.100543,
4756,1.39793,0.100199,
4786,1.39791,0.0997582,
4816,1.39822,0.099568,
4846,1.39832,0.0997729,
4876,1.39825,0.099949,
4906,1.3984,0.100257,
4936,1.39848,0.100396,
4966,1.39861,0.100403,
4996,1.39868,0.100422,
5026,1.39896,0.100049,
5057,1.39902,0.0999582,
5087,1.39915,0.100179,
5117,1.39918,0.10028,
5147,1.39932,0.100448,
5177,1.3996,0.100221,
5207,1.39955,0.0999246,
5237,1.39959,,
5268,1.39946,0.0988579,
5298,1.39951,0.0989182,
5328,1.39972,0.0989611,
5358,1.39975,0.0991092,
5388,1.3998,0.0988763,
5418,1.39989,0.0987276,
5448,1.4002,0.0995971,
5478,1.40028,0.100203,
5508,1.40022,0.100563,
5538,1.40061,0.1003,
5568,1.40041,0.0999071,
5599,1.40057,0.0997618,
5629,1.40076,0.0999541,
5659,1.40103,0.0999443,
5689,1.4011,0.101421,
5719,1.40113,0.101354,
5749,1.40117,0.101592,
5779,1.40125,0.101472,
5809,1.40179,0.101591,
5840,1.40144,0.101526,
5870,1.40163,0.100763,
5900,1.40167,0.099538,
5930,1.4017,0.0997681,
5960,1.40179,0.100253,
5990,1.40183,0.100447,
6020,1.40202,0.100622,
6050,1.40195,0.100829,
6080,1.40201,,
6111,1.40197,0.0988742,
6141,1.40208,0.0994706,
6171,1.40217,0.0994863,
6201,1.40221,0.0991356,
6231,1.40237,0.0991316,
6262,1.40238,0.0988099,
6292,1.40237,0.0987372,
6322,1.40248,0.101245,
6352,1.40274,0.100862,
6382,1.40284,0.100764,
6412,1.40294,0.100541,
6442,1.40291,0.100311,
6472,1.40299,0.100247,
6502,1.40309,0.100095,
6532,1.40339,0.0998961,
6563,1.40318,0.0998148,
6593,1.4033,0.0998548,
6623,1.40336,0.0998411,
6653,1.40358,0.0997525,
6683,1.40363,0.0994593,
6713,1.40363,0.0998315,
6743,1.40363,0.0997379,
6773,1.40383,0.100013,
6803,1.40409,0.100303,
6834,1.40386,0.100306,
6864,1.40384,0.100342,
6894,1.40405,0.100431,
6924,1.40389,0.100351,
6954,1.40427,0.100459,
6984,1.40426,0.100272,
7014,1.40422,0.100261,
7045,1.40433,0.100303,
7075,1.40453,0.100471,
7105,1.40439,0.101724,
7135,1.40452,0.0985576,
7165,1.40454,0.0988187,
7195,1.40475,0.0988755,
7225,1.40468,0.0988011,
7255,1.40488,0.0988749,
7285,1.40491,,
7316,1.40501,0.0995914,
7346,1.40502,0.100116,
7376,1.40519,0.0998681,
7406,1.4052,0.0998274,
7436,1.40519,0.100056,
7466,1.4053,0.10011,
7496,1.40542,0.100212,
7526,1.4054,0.0999921,
7556,1.40568,0.100438,
7586,1.40565,0.100782,
7617,1.40588,0.101799,
7647,1.4058,0.10181,
7677,1.40592,0.101627,
7707,1.40607,0.101549,
7737,1.40605,,
7767,1.40607,0.099734,
7797,1.40611,0.100149,
7827,1.40619,0.100122,
7858,1.40635,0.0999823,
7888,1.40629,0.100026,
7918,1.40622,0.0998913,
7948,1.40645,,
7978,1.40642,0.0988505,
8008,1.40626,0.098987,
8038,1.40629,0.0988946,
8068,1.40636,0.0986575,
8098,1.40638,0.0990567,
8129,1.4063,0.0990996,
8159,1.40629,0.0991877,
8189,1.40642,,
8219,1.4066,0.100611,
8249,1.40666,0.100814,
8279,1.40668,0.0999515,
8309,1.40688,0.0999892,
8339,1.4068,0.099936,
8369,1.40706,0.100051,
8400,1.40701,0.0999476,
8430,1.40713,0.0999903,
8460,1.40723,0.0999118,
8490,1.40738,0.0998378,
8520,1.40728,0.0998813,
8550,1.40726,0.0998606,
8580,1.40744,0.0996705,
8610,1.40736,0.100036,
8640,1.40739,0.100094,
8670,1.40753,0.100026,
8700,1.40755,0.0996016,
8731,1.40758,0.0996699,
8761,1.40759,0.100078,
8791,1.40774,0.0992176,
8821,1.40784,0.0996209,
8851,1.40801,0.0997424,
8881,1.40774,0.10014,
8911,1.40787,0.10038,
8941,1.40793,0.100006,
8972,1.40798,0.100347,
9002,1.40796,0.100443,
9032,1.40812,0.100551,
9062,1.40805,0.10008,
9092,1.40815,0.100262,
9122,1.40809,0.100152,
9152,1.40809,0.100223,
9182,1.40824,0.100504,
9213,1.40816,0.0980726,
9243,1.40807,0.0984635,
9273,1.40816,0.0986062,
9303,1.40822,0.098806,
9333,1.4082,0.0989355,
9363,1.40824,0.0987897,
9394,1.40828,0.0998025,
9424,1.40834,0.0996186,
9454,1.40836,0.100044,
9484,1.40864,0.100237,
9514,1.40869,0.100249,
9544,1.40856,0.100107,
9574,1.40878,0.0998242,
9605,1.40879,,
9635,1.40884,0.100776,
9665,1.40912,0.100756,
9695,1.40879,0.101253,
9725,1.40902,0.101262,
9755,1.40886,0.101341,
9785,1.40906,,
9815,1.40896,0.100891,
9846,1.40907,0.100403,
9876,1.409,0.100221,
9906,1.40896,0.100278,
9936,1.40902,0.10022,
9966,1.40888,0.100285,
9996,1.40916,0.100156,
10026,1.40924,,
10057,1.40906,0.0983688,
10087,1.40901,0.0986731,
10117,1.40916,0.0987618,
10147,1.40917,0.0990664,
10177,1.40917,0.0993006,
10207,1.40906,,
10237,1.40921,0.100223,
10267,1.40937,0.100705,
10298,1.40952,0.100961,
10328,1.40944,0.100788,
10358,1.4096,0.100402,
10388,1.40945,0.100476,
10418,1.40936,0.0974184,
10448,1.4095,0.0980721,
10478,1.40949,0.0984011,
10508,1.40942,0.0987247,
10539,1.40951,0.0988038,
10569,1.40945,0.0988695,
10599,1.40961,0.100921,
10629,1.40963,0.100143,
10659,1.40957,0.0999513,
10689,1.40968,0.100166,
10719,1.4096,0.100245,
10750,1.40986,0.100598,
10780,1.40969,0.100131,
10810,1.40983,0.0998553,
10840,1.40978,0.101524,
10870,1.40991,0.101656,
10900,1.41003,0.101599,
10930,1.41002,0.101583,
10960,1.41004,0.10158,
10990,1.40989,0.10153,
11020,1.41006,0.0999626,
11051,1.40995,0.0992118,
11081,1.41003,0.0996503,
11111,1.41009,0.0997755,
11141,1.40998,0.0998874,
11171,1.40994,0.0998581,
11201,1.41003,0.100169,
11231,1.41002,0.10049,
11261,1.41008,0.0991696,
11292,1.41004,0.0989282,
11322,1.41,0.0991469,
11352,1.41006,0.098822,
11382,1.41012,0.0992475,
11412,1.40997,0.0990312,
11442,1.41002,,
11472,1.41017,0.099263,
11502,1.41022,0.0997057,
11533,1.41012,0.0998769,
11563,1.41029,0.100328,
11593,1.41027,0.0999719,
11623,1.41035,0.100263,
11653,1.41035,0.100373,
11683,1.41033,0.100352,
11688,1.41076,0.100488,Finish=MaxChargeC
11698,1.05259,-0.998942,
11708,1.04427,-0.998858,
11718,1.03738,-0.998944,
11728,1.0317,-0.998876,
11738,1.02682,-0.999195,
11748,1.02273,-0.998846,
11758,1.01886,-0.999474,
11768,1.01508,-0.99929,
11778,1.01167,-0.998903,
11789,1.00857,-0.999057,
11799,1.00552,-0.99895,
11809,1.00272,-0.998611,
11819,0.999718,-0.998959,
11829,0.997414,-0.999094,
11839,0.99429,-0.998591,
11849,0.991918,-0.99891,
11859,0.989243,-0.998948,
11869,0.98698,-0.998899,
11879,0.984484,-0.998735,
11889,0.982066,-0.999092,
11899,0.979478,-0.998985,
11909,0.97722,-0.999033,
11919,0.974887,-0.998946,
11929,0.971841,-0.998946,
11939,0.969939,-0.998868,
11949,0.96679,-0.998848,
11959,0.964259,-0.998887,
11969,0.961699,-0.998857,
11979,0.958811,-0.998944,
11989,0.956106,-0.998683,
11999,0.953453,-0.998663,
12009,0.9506,-0.999136,
12019,0.947939,-0.999175,
12029,0.944985,-0.998797,
12039,0.941847,-0.999135,
12049,0.939165,-0.999096,
12059,0.936069,-0.999289,
12069,0.933575,-0.999279,
12079,0.930154,-0.998863,
12090,0.927124,-0.998843,
12100,0.924404,-0.998843,
12110,0.921071,-0.99861,
12120,0.918283,-0.998794,
12130,0.915356,-0.998987,
12140,0.912488,-0.99889,
12150,0.909512,-0.998706,
12160,0.906647,-0.999131,
12170,0.903483,-0.998947,
12178,0.899851,-0.998852,Finish=CutoffV
12208,1.28262,-0.000168316,
12238,1.29554,-0.000169459,
12268,1.30273,-0.000170166,
12299,1.30783,-0.000170737,
12329,1.31161,-0.000171173,
12359,1.31481,-0.000171581,
12389,1.31746,-0.000171907,
12419,1.31945,-0.000172125,
12449,1.32124,-0.000172343,
12479,1.32265,-0.000172642,
12509,1.32412,-0.000172696,
12539,1.32524,-0.000172832,
12569,1.32638,-0.000172995,
12599,1.32728,-0.000173159,
12630,1.32812,-0.000173186,
12660,1.32902,-0.000173295,
12690,1.32932,-0.000173567,
12720,1.33004,-0.000173512,
12750,1.33052,-0.000173485,
12778,1.33126,-0.000173567,Finish=MaxDischargeTime
12788,1.66016,,
12798,1.67409,,
12808,1.68362,0.869252,
12818,1.69071,0.880171,
12828,1.69666,0.884221,
12838,1.70205,0.886939,
12848,1.70614,0.890214,
12858,1.71018,0.892627,
12868,1.71404,0.891282,
12878,1.7176,0.892692,
12888,1.7211,0.89544,
12898,1.75138,,
12908,1.74686,,
12918,1.74355,0.948928,
12928,1.74655,0.928762,
12938,1.74971,0.927001,
12948,1.75271,0.929985,
12959,1.75546,0.929269,
12969,1.75809,0.932211,
12979,1.76087,0.931222,
12989,1.76316,0.931752,
12999,1.76606,0.932859,
13009,1.76802,0.933295,
13019,1.77037,0.93385,
13029,1.7728,0.932352,
13039,1.77482,0.934462,
13049,1.77675,0.936913,
13059,1.77918,0.937068,
13069,1.78077,0.937974,
13079,1.78254,0.937078,
13089,1.78417,0.936815,
13099,1.78581,0.936167,
13109,1.78768,0.935547,
13119,1.78908,0.935586,
13130,1.79089,0.935262,
13140,1.79244,0.937739,
13150,1.79398,0.938136,
13160,1.79532,0.938614,
13170,1.79649,0.93984,
13180,1.79822,0.939604,
13190,1.79939,0.939458,
13200,1.80097,0.938649,
13210,1.80227,0.939206,
13220,1.80364,0.939119,
13230,1.80531,0.939075,
13240,1.80668,0.938583,
13250,1.80807,0.938413,
13260,1.80983,0.937809,
13270,1.81093,0.936816,
13281,1.81259,0.935553,
13291,1.81408,0.935536,
13301,1.81549,0.934578,
13311,1.81735,0.934984,
13321,1.81871,0.935913,
13331,1.82065,0.934748,
13341,1.82221,0.935013,
13351,1.82372,0.934555,
13361,1.82518,0.935854,
13371,1.82674,0.934259,
13381,1.82849,0.935688,
13391,1.82991,0.937438,
13401,1.83195,0.93786,
13411,1.83329,0.938442,
13421,1.83459,0.940683,
13431,1.83592,0.940544,
13441,1.83712,0.940166,
13451,1.83818,0.93886,
13461,1.83925,0.937107,
13471,1.84024,0.937388,
13481,1.84099,0.936795,
13491,1.84174,0.938309,
13501,1.84252,0.937031,
13512,1.843,0.933364,
13522,1.84359,0.93475,
13532,1.84391,0.933337,
13542,1.84442,0.933711,
13552,1.84481,0.934226,
13562,1.8454,0.932622,
13572,1.84602,0.93115,
13582,1.84618,0.929528,
13592,1.84659,0.932698,
13602,1.84702,0.932659,
13612,1.84744,0.933274,
13622,1.84776,0.937778,
13632,1.84807,0.937208,
13642,1.84825,0.936138,
13652,1.84846,0.92948,
13662,1.84815,0.929466,
13672,1.84892,0.934724,
13682,1.84908,0.935318,
13692,1.84938,0.937749,
13703,1.84989,0.937352,
13713,1.85005,0.944164,
13723,1.8501,0.940731,
13733,1.85045,0.937294,
13743,1.85091,0.93376,
13753,1.85088,0.940575,
13763,1.85128,0.939283,
13773,1.8517,0.938232,
13783,1.85193,0.938957,
13793,1.8521,0.937857,
13803,1.8523,0.933799,
13813,1.85247,0.933377,
13823,1.85297,0.936422,
13833,1.85302,0.939145,
13844,1.85353,0.939441,
13854,1.85381,0.940208,
13864,1.85372,0.938826,
13874,1.8543,0.940541,
13884,1.85435,0.939201,
13894,1.85441,0.938719,
13904,1.85499,0.940146,
13914,1.85518,0.94071,
13924,1.85524,0.942437,
13934,1.85571,0.941984,
13944,1.85612,0.940133,
13954,1.8559,0.939723,
13964,1.8565,0.941277,
13974,1.85683,0.942445,
13984,1.85712,0.942422,
13994,1.85731,0.941319,
14004,1.85775,0.938957,
14014,1.85782,0.940156,
14025,1.85817,0.93978,
14035,1.85836,0.938152,
14045,1.85869,0.939369,
14055,1.85884,0.938038,
14065,1.85954,0.937655,
14075,1.85947,0.934708,
14085,1.86013,0.934658,
14095,1.86028,0.931266,
14105,1.86044,0.932045,
14115,1.86078,0.93249,
14125,1.86125,0.931997,
14135,1.86107,0.930726,
14145,1.86205,0.930646,
14155,1.86269,0.931007,
14165,1.86236,0.933701,
14175,1.86281,0.933581,
14185,1.86301,0.935091,
14196,1.86374,0.935837,
14206,1.8639,0.936526,
14216,1.86425,0.935443,
14226,1.86466,0.936046,
14236,1.86478,0.935811,
14246,1.86536,0.935707,
14256,1.86601,0.933075,
14266,1.86595,0.931925,
14276,1.86668,0.930562,
14286,1.8667,0.931731,
14296,1.8671,0.931184,
14306,1.8671,0.930467,
14316,1.86775,0.931992,
14326,1.86822,0.933217,
14336,1.86867,0.932427,
14346,1.86954,0.935284,
14356,1.86951,0.935344,
14366,1.87002,0.938081,
14376,1.87018,0.937472,
14386,1.87044,0.938722,
14397,1.87097,0.936718,
14407,1.8714,0.93796,
14417,1.87162,0.938159,
14427,1.87252,0.931652,
14437,1.8728,0.931135,
14447,1.87271,0.932329,
14457,1.87319,0.93395,
14467,1.87371,0.933782,
14477,1.87359,0.933079,
14487,1.87471,0.933775,
14497,1.87427,0.933294,
14507,1.87521,0.934959,
14517,1.87547,0.934215,
14527,1.87555,0.935223,
14537,1.87623,0.935297,
14547,1.87688,0.938438,
14557,1.87721,0.936828,
14567,1.87724,0.936773,
14577,1.87737,0.935775,
14587,1.87793,0.935552,
14598,1.87841,0.937809,
14608,1.87868,0.939344,
14618,1.87904,0.937644,
14628,1.87907,0.938833,
14638,1.87955,0.937567,
14648,1.88031,0.937477,
14658,1.8805,0.936636,
14668,1.88099,0.936257,
14678,1.88115,0.936838,
14688,1.88156,0.938829,
14698,1.88173,0.940316,
14708,1.88225,0.93784,
14718,1.88268,0.937706,
14728,1.88331,0.938685,
14738,1.88335,0.938427,
14748,1.88396,0.935345,
14758,1.88416,0.935328,
14768,1.88442,0.939541,
14778,1.88488,0.94064,
14789,1.88498,0.935574,
14799,1.88539,0.936992,
14809,1.88581,0.936144,
14819,1.88597,0.939333,
14829,1.88619,0.936459,
14839,1.88694,0.936586,
14849,1.88702,0.937667,
14859,1.88715,0.938602,
14869,1.88765,0.938334,
14879,1.88815,0.9387,
14889,1.88832,0.937714,
14899,1.88838,0.938459,
14909,1.88917,0.940474,
14919,1.88931,0.937009,
14929,1.88961,0.934843,
14939,1.88961,0.935778,
14949,1.8899,0.935808,
14959,1.89012,0.935251,
14969,1.89028,0.935552,
14979,1.89075,0.933704,
14990,1.89116,0.933578,
15000,1.89153,0.934137,
15010,1.89186,0.93229,
15020,1.89207,0.931273,
15030,1.89264,0.931129,
15040,1.89295,0.934378,
15050,1.89316,0.934256,
15060,1.89295,0.934967,
15070,1.89349,0.935509,
15080,1.89381,0.935241,
15090,1.8942,0.936286,
15100,1.89461,0.937582,
15110,1.89462,0.937842,
15120,1.89492,0.938547,
15130,1.89545,0.937705,
15140,1.89517,0.937451,
15150,1.8956,0.938361,
15161,1.89622,0.937655,
15171,1.89637,0.938314,
15181,1.89677,0.939428,
15191,1.89664,0.940203,
15201,1.8971,0.939728,
15211,1.89742,0.938186,
15221,1.89756,0.938186,
15231,1.89785,0.937907,
15241,1.89786,0.936927,
15251,1.89827,0.936186,
15261,1.89816,0.937489,
15271,1.89856,0.936315,
15281,1.89902,0.935149,
15291,1.89877,0.933704,
15301,1.89916,0.936952,
15311,1.89952,0.938181,
15321,1.89993,0.938245,
15331,1.8999,0.938776,
15341,1.90013,0.938547,
15351,1.90044,0.938836,
15361,1.90055,0.937444,
15371,1.9008,0.935513,
15382,1.90106,0.935495,
15392,1.90111,0.934539,
15402,1.90118,0.933757,
15412,1.90132,0.934354,
15422,1.90113,0.931034,
15432,1.90163,0.931064,
15442,1.90166,0.931999,
15452,1.9019,0.931335,
15462,1.90201,0.929075,
15472,1.90176,0.929494,
15482,1.90218,0.932869,
15492,1.90226,0.93778,
15502,1.90229,0.93684,
15512,1.90242,0.937394,
15522,1.90224,0.935293,
15532,1.90259,0.93547,
15542,1.90252,0.935701,
15552,1.90251,0.934607,
15562,1.90241,0.935046,
15572,1.90284,0.934509,
15583,1.90259,0.934794,
15593,1.90263,0.934345,
15603,1.90299,0.933083,
15613,1.90251,0.936882,
15623,1.90257,0.935941,
15633,1.90276,0.936099,
15643,1.90273,0.935105,
15653,1.90255,0.934638,
15663,1.90336,0.932367,
15673,1.90345,0.932171,
15683,1.90354,0.932119,
15693,1.90336,0.933747,
15703,1.90241,0.934298,
15713,1.90196,0.931151,
15723,1.9019,0.934998,
15733,1.90157,0.934385,
15743,1.90197,0.934402,
15753,1.90226,0.933759,
15764,1.90211,0.932137,
15774,1.90198,0.930213,
15784,1.90183,0.931781,
15794,1.90236,0.932601,
15804,1.9022,0.93122,
15814,1.90203,0.931472,
15824,1.90146,0.932703,
15834,1.90153,0.931414,
15844,1.9012,0.932003,
15854,1.90119,0.932301,
15864,1.90062,0.93396,
15874,1.90021,0.935802,
15884,1.89974,0.937274,
15894,1.89971,0.93631,
15904,1.89933,0.938898,
15914,1.89907,0.938286,
15925,1.89865,0.937629,
15935,1.89835,0.935189,
15945,1.89804,0.934975,
15955,1.89749,0.935334,
15965,1.89694,0.933369,
15975,1.8971,0.931963,
15985,1.89641,0.930912,
15995,1.89582,0.93316,
16005,1.89529,0.937462,
16015,1.89504,0.936344,
16025,1.89478,0.935486,
16035,1.89435,0.939111,
16041,1.89339,0.938316,Finish=Peak
16071,1.41768,,
16101,1.40854,0.0826152,
16132,1.40362,0.0821106,
16162,1.40049,0.0817551,
16192,1.39915,,
16222,1.39847,0.107538,
16252,1.39756,0.107668,
16282,1.39688,0.107961,
16312,1.39632,0.102346,
16343,1.3958,0.103085,
16373,1.39556,0.103216,
16403,1.39542,0.103538,
16433,1.39543,0.104126,
16463,1.39525,0.101783,
16493,1.39542,0.100755,
16524,1.39566,0.101151,
16554,1.396,,
16584,1.3964,0.0996155,
16614,1.39707,0.0990312,
16644,1.39739,0.0987361,
16675,1.39811,0.0985622,
16705,1.39875,0.100123,
16735,1.39945,0.100129,
16765,1.40013,0.100592,
16795,1.40089,0.10038,
16825,1.40165,0.100448,
16856,1.40239,0.100257,
16886,1.40309,0.100546,
16916,1.40364,0.09928,
16946,1.4043,0.099373,
16976,1.40514,0.0996664,
17006,1.40591,0.0990316,
17036,1.40663,0.0992832,
17067,1.40749,0.0994125,
17097,1.40844,0.100921,
17127,1.40926,0.1008,
17157,1.4099,0.10091,
17187,1.41056,0.100901,
17217,1.41176,0.100847,
17248,1.41247,0.100904,
17278,1.41329,,
17308,1.4139,0.0993773,
17338,1.41466,0.0993888,
17368,1.41543,0.0992171,
17398,1.41632,0.0991714,
17429,1.41714,0.0994523,
17459,1.41794,0.0991198,
17489,1.41891,0.0995885,
17519,1.4197,0.0994248,
17549,1.42066,,
17579,1.42195,0.100965,
17609,1.42257,0.100587,
17640,1.42358,0.100384,
17670,1.42443,0.100371,
17700,1.4253,0.100367,
17730,1.42613,,
17760,1.42663,0.0991028,
17790,1.42766,0.0994889,
17821,1.42857,0.0993364,
17851,1.42953,0.0992459,
17881,1.4302,0.0991599,
17911,1.4311,0.0990908,
17941,1.43259,0.100587,
17971,1.43344,0.100492,
18001,1.43451,0.100412,
18032,1.43549,0.100608,
18062,1.43638,0.10081,
18092,1.43723,0.101043,
18122,1.43832,0.100142,
18152,1.43957,0.100153,
18182,1.44046,0.100401,
18212,1.44152,0.100241,
18243,1.44259,0.100446,
18273,1.44325,0.100189,
18303,1.44442,0.10036,
18333,1.44553,,
18363,1.44557,0.100117,
18393,1.44671,0.0993171,
18424,1.44787,0.0990388,
18454,1.44876,0.0990755,
18484,1.45,0.0989043,
18514,1.451,,
18544,1.45356,0.100475,
18574,1.45498,0.100447,
18605,1.45567,0.100582,
18635,1.4568,0.100653,
18665,1.45807,0.100768,
18695,1.45954,0.101092,
18725,1.46088,0.100716,
18755,1.4621,,
18785,1.4615,0.0987526,
18816,1.46244,0.0993105,
18846,1.46366,0.0985899,
18876,1.46501,0.0987914,
18906,1.46604,0.0989587,
18936,1.46759,0.099192,
18966,1.47035,0.0987453,
18997,1.47306,0.0988926,
19027,1.47439,0.0992804,
19057,1.47585,0.0993577,
19087,1.47668,0.0994291,
19117,1.47829,0.0996739,
19147,1.47966,0.100365,
19178,1.48071,,
19208,1.48526,0.100651,
19238,1.48762,0.101215,
19268,1.48858,0.101198,
19298,1.48992,0.101648,
19328,1.49068,0.101608,
19358,1.49107,0.101783,
19389,1.48985,0.10041,
19419,1.48747,0.0997337,
19449,1.48798,0.100493,
19479,1.48838,0.10052,
19509,1.48902,0.100542,
19539,1.48946,0.100069,
19570,1.49042,0.100144,
19600,1.48731,0.0997188,
19630,1.4866,0.0995825,
19660,1.48725,0.0991468,
19690,1.48752,0.0989837,
19720,1.48803,0.0989206,
19751,1.48857,0.0989572,
19781,1.48906,0.0990492,
19811,1.48961,0.0991609,
19841,1.49075,0.0990229,
19871,1.49063,0.0988631,
19901,1.49262,0.101549,
19931,1.49536,0.0995207,
19961,1.49542,0.100281,
19992,1.49556,0.100514,
20022,1.49482,0.100612,
20052,1.49528,0.101799,
20082,1.4938,,
20112,1.49012,0.1003,
20142,1.49009,0.0993288,
20173,1.48993,0.0995597,
20203,1.49017,0.0996556,
20233,1.49056,0.0998397,
20263,1.49033,0.0996725,
20293,1.49066,0.099663,
20323,1.4904,0.0993366,
20353,1.49038,0.0993066,
20384,1.49097,0.099116,
20414,1.49275,0.100592,
20444,1.49532,0.100836,
20474,1.49503,0.10058,
20504,1.4949,0.100411,
20534,1.49361,0.100432,
20565,1.49333,0.100487,
20595,1.49297,0.1001,
20625,1.49283,0.100238,
20655,1.49305,0.10013,
20685,1.49217,0.100442,
20715,1.49184,,
20746,1.48788,0.099183,
20776,1.48712,0.0992687,
20806,1.48738,0.099582,
20836,1.48742,0.0991163,
20866,1.48777,0.0994368,
20896,1.48833,0.099582,
20926,1.4882,0.0994949,
20957,1.49059,0.10009,
20987,1.49312,0.100282,
21017,1.49286,0.100255,
21047,1.49245,0.100027,
21077,1.49147,0.100324,
21108,1.49042,0.100138,
21138,1.49011,0.100316,
21168,1.4911,0.100141,
21198,1.49058,0.100223,
21228,1.48915,0.100204,
21258,1.48916,0.100387,
21288,1.48885,0.100219,
21319,1.48893,0.100001,
21349,1.48837,0.100319,
21379,1.48843,0.100309,
21409,1.48837,0.100074,
21439,1.48823,0.100017,
21469,1.48502,0.0992518,
21500,1.48369,0.0989795,
21530,1.4829,0.0992277,
21560,1.48354,0.0990231,
21590,1.48284,0.0991049,
21620,1.48318,0.0991882,
21650,1.48472,0.100913,
21680,1.48742,0.101035,
21710,1.48764,0.100391,
21741,1.48706,0.101185,
21771,1.48694,0.101,
21801,1.48697,0.100774,
21831,1.48649,0.0999924,
21861,1.48646,0.100472,
21891,1.48416,0.100597,
21921,1.48328,0.100094,
21952,1.4834,0.100085,
21982,1.48279,0.100096,
22012,1.4826,0.100158,
22042,1.48263,0.100162,
22072,1.48266,0.100316,
22102,1.48238,0.10042,
22132,1.48045,0.0998463,
22162,1.47873,0.0993694,
22192,1.47868,0.0993854,
22222,1.4784,0.099345,
22252,1.47895,0.0993591,
22283,1.47869,0.099135,
22313,1.47976,0.0989927,
22343,1.48212,0.100237,
22373,1.48266,0.100318,
22403,1.48256,0.10034,
22433,1.48206,0.100571,
22463,1.48151,0.101152,
22493,1.48116,0.100648,
22523,1.47878,0.0988494,
22553,1.47728,0.0997514,
22584,1.47705,0.0993968,
22614,1.47693,0.0989248,
22644,1.47642,0.0989576,
22674,1.47721,0.0986262,
22704,1.4786,0.0997944,
22734,1.48055,0.100844,
22764,1.48095,0.101247,
22794,1.48052,0.101015,
22824,1.48007,0.100675,
22855,1.47951,0.100073,
22885,1.47951,0.100125,
22915,1.47904,0.0997443,
22945,1.47957,,
22975,1.48252,0.101979,
23005,1.48248,0.102118,
23036,1.48188,0.101963,
23066,1.4814,0.101729,
23096,1.48061,0.101664,
23126,1.47993,,
23156,1.47639,0.100572,
23186,1.47642,0.100233,
23216,1.47599,0.100114,
23246,1.4757,0.0999988,
23276,1.47544,0.100176,
23307,1.4757,0.0999114,
23337,1.47542,,
23367,1.47257,0.0990481,
23397,1.47203,0.0994226,
23427,1.47216,0.0994802,
23458,1.47207,0.0997939,
23488,1.47233,0.099894,
23518,1.47253,0.0994829,
23548,1.47218,0.0991378,
23578,1.47196,0.0992138,
23609,1.47172,,
23639,1.46968,0.0978211,
23669,1.46936,0.0975559,
23699,1.46969,0.0973784,
23729,1.46951,0.0972613,
23759,1.46949,0.0974996,
23790,1.47027,,
23820,1.47321,0.0987772,
23850,1.47331,0.0989415,
23880,1.47322,0.0988003,
23910,1.47323,0.0987525,
23940,1.47322,0.0989626,
23970,1.47241,0.0992259,
24000,1.47452,0.100869,
24031,1.47552,0.100884,
24061,1.47569,0.101064,
24091,1.47512,0.100605,
24121,1.47496,0.100339,
24151,1.47431,0.100065,
24181,1.47413,,
24211,1.47703,0.101516,
24242,1.47671,0.101372,
24272,1.47668,0.101469,
24302,1.4755,0.101348,
24332,1.47528,0.101689,
24362,1.47431,0.101676,
24392,1.47407,0.101971,
24422,1.47382,0.10167,
24452,1.47346,0.101029,
24483,1.47296,0.101598,
24513,1.47273,0.101693,
24543,1.47254,0.102112,
24573,1.47035,0.101242,
24603,1.46877,0.101051,
24634,1.46834,0.100545,
24664,1.46822,0.100783,
24694,1.46843,0.100433,
24724,1.46797,0.100493,
24754,1.46843,0.100119,
24784,1.46802,,
24815,1.46561,0.0993922,
24845,1.46588,0.0993832,
24875,1.46566,0.0993586,
24905,1.46578,0.0995208,
24935,1.46563,0.0992394,
24965,1.46578,0.0993685,
24995,1.46539,0.099093,
25025,1.4652,0.0990871,
25056,1.46519,0.0991355,
25086,1.46546,0.0989388,
25116,1.46703,0.100092,
25146,1.46799,0.100451,
25176,1.46768,0.100664,
25207,1.46778,0.100587,
25237,1.46735,0.100687,
25267,1.46745,0.1004,
25297,1.46709,0.100287,
25327,1.46679,0.100305,
25357,1.46663,0.100004,
25388,1.46653,0.100029,
25418,1.46539,0.0998015,
25448,1.46411,0.0994599,
25478,1.4635,0.0992042,
25508,1.46358,0.0992803,
25538,1.46393,0.0991138,
25569,1.46378,0.0991529,
25599,1.46447,,
25629,1.46589,0.0999884,
25659,1.46649,0.100203,
25689,1.46597,0.100564,
25720,1.46555,0.100401,
25750,1.46545,0.10039,
25780,1.46542,0.100411,
25810,1.46524,,
25840,1.46277,0.0987964,
25870,1.46208,0.099678,
25900,1.46193,0.0995081,
25931,1.46217,0.0991569,
25961,1.46201,0.0989925,
25991,1.46237,,
26021,1.46427,0.100282,
26051,1.46492,0.100511,
26081,1.46437,0.100053,
26111,1.46419,0.100155,
26141,1.46386,0.100021,
26172,1.46406,0.10008,
26202,1.46383,0.100545,
26232,1.46403,0.100388,
26262,1.46583,0.101755,
26292,1.46611,0.101848,
26323,1.46583,0.101858,
26353,1.46538,0.101528,
26383,1.46444,0.10151,
26413,1.46454,0.101539,
26443,1.4637,0.0989943,
26473,1.46143,0.100213,
26503,1.46168,0.10052,
26534,1.46101,0.100513,
26564,1.46091,0.100339,
26594,1.46125,0.100236,
26624,1.46165,0.100528,
26654,1.45946,0.101335,
26685,1.45885,0.100714,
26715,1.45913,0.0996146,
26745,1.45839,0.0994725,
26775,1.4588,0.099629,
26805,1.45823,0.0993192,
26836,1.45843,0.0991145,
26849,1.46,0.0996685,Finish=MaxChargeC
26909,1.41302,0.0167434,
26969,1.40899,0.0167436,
27030,1.40752,0.0167437,
27090,1.40657,0.0167439,
27150,1.40558,0.016744,
27211,1.4049,0.016744,
27271,1.40437,0.0167441,
27331,1.40388,0.0167441,
27391,1.40339,0.0167442,
27452,1.4031,0.0167442,
27512,1.40276,0.0167443,
27572,1.40274,0.0167443,
27632,1.40252,0.0167443,
27693,1.40236,0.0167444,
27753,1.40218,0.0167443,
27813,1.40224,0.0167444,
27874,1.40203,0.0167444,
27934,1.40201,0.0167444,
27994,1.40191,0.0167444,
28055,1.40208,0.0167443,
28115,1.4021,0.0167444,
28175,1.40201,0.0167443,
28235,1.40195,0.0167444,
28296,1.40204,0.0167443,
28356,1.40212,0.0167443,
28416,1.40203,0.0167443,
28477,1.40212,0.0167444,
28537,1.40217,0.0167443,
28597,1.40245,0.0167444,
28657,1.40237,0.0167443,
28718,1.40245,0.0167443,
28778,1.4027,0.0167443,
28838,1.4029,0.0167443,
28899,1.40298,0.0167443,
28959,1.40312,0.0167443,
29019,1.40309,0.0167441,
29080,1.40344,0.0167442,
29140,1.40357,0.0167441,
29200,1.40402,0.0167439,
29261,1.40435,0.016744,
29321,1.40458,0.016744,
29381,1.40466,0.016744,
29442,1.40511,0.016744,
29502,1.40559,0.0167439,
29562,1.40595,0.0167435,
29622,1.4064,0.0167438,
29683,1.40667,0.0167438,
29743,1.40722,0.0167436,
29803,1.40788,0.0167436,
29864,1.40802,0.0167436,
29924,1.4084,0.0167435,
29984,1.40892,0.0167435,
30045,1.40888,0.0167434,
30105,1.40947,0.0167434,
30165,1.40952,0.0167434,
30225,1.40995,0.0167432,
30286,1.41022,0.0167434,
30346,1.41033,0.0167433,
30406,1.41069,0.0167432,
30467,1.41103,0.0167432,
30527,1.41108,0.016743,
30588,1.41113,0.0167432,
30648,1.41131,0.0167432,
30708,1.41166,0.0167431,
30768,1.41177,0.0167431,
30829,1.41194,0.0167431,
30889,1.412,0.0167431,
30949,1.4121,0.0167431,
31010,1.41216,0.016743,
31070,1.41251,0.0167429,
31130,1.41251,0.016743,
31190,1.4127,0.0167428,
31251,1.41278,0.016743,
31311,1.41293,0.0167429,
31371,1.41297,0.016743,
31432,1.41292,0.0167429,
31492,1.41302,0.0167429,
31552,1.41313,0.0167429,
31613,1.4132,0.0167429,
31673,1.41331,0.0167429,
31733,1.41346,0.0167428,
31793,1.41368,0.0167428,
31854,1.41364,0.0167429,
31914,1.41363,0.0167429,
31974,1.41357,0.0167428,
32035,1.41401,0.0167428,
32095,1.4141,0.0167428,
32155,1.4142,0.0167429,
32215,1.41419,0.0167429,
32276,1.41404,0.0167427,
32336,1.41446,0.0167427,
32396,1.4144,0.0167429,
32457,1.41445,0.0167427,
32517,1.41451,0.0167427,
32577,1.41432,0.0167429,
32638,1.41475,0.0167427,
32698,1.41469,0.0167427,
32758,1.41478,0.0167427,
32819,1.41489,0.0167427,
32879,1.41482,0.0167427,
32939,1.41492,0.0167428,
32999,1.41497,0.0167427,
33060,1.41498,0.0167427,
33120,1.41499,0.0167427,
33180,1.41504,0.0167427,
33240,1.41505,0.0167427,
33301,1.41506,0.0167426,
33361,1.41524,0.0167426,
33421,1.41524,0.0167426,
33482,1.41524,0.0167426,
33542,1.41522,0.0167426,
33602,1.41543,0.0167426,
33662,1.4155,0.0167426,
33723,1.41553,0.0167425,
33783,1.41552,0.0167425,
33843,1.41564,0.0167426,
33904,1.41572,0.0167427,
33964,1.41567,0.0167425,
34024,1.41562,0.0167426,
34085,1.41572,0.0167426,
34145,1.41602,0.0167425,
34205,1.41583,0.0167425,
34265,1.41586,0.0167426,
34326,1.41583,0.0167425,
34386,1.41592,0.0167426,
34446,1.41584,0.0167426,
34507,1.41603,0.0167426,
34567,1.41601,0.0167425,
34627,1.41597,0.0167425,
34688,1.41597,0.0167425,
34748,1.4161,0.0167425,
34808,1.41621,0.0167425,
34869,1.41609,0.0167426,
34929,1.41629,0.0167425,
34989,1.41621,0.0167425,
35049,1.41618,0.0167425,
35110,1.41625,0.0167425,
35170,1.41621,0.0167425,
35230,1.41632,0.0167425,
35291,1.41637,0.0167425,
35351,1.41628,0.0167425,
35411,1.41632,0.0167424,
35472,1.41635,0.0167425,
35532,1.41634,0.0167425,
35592,1.41653,0.0167425,
35653,1.41643,0.0167425,
35713,1.41665,0.0167425,
35773,1.41665,0.0167425,
35833,1.41662,0.0167425,
35894,1.41659,0.0167425,
35954,1.41656,0.0167425,
36015,1.41657,0.0167424,
36075,1.41677,0.0167424,
36135,1.41654,0.0167425,
36195,1.41669,0.0167424,
36256,1.41677,0.0167424,
36316,1.41667,0.0167425,
36376,1.41676,0.0167424,
36437,1.4166,0.0167424,
36497,1.41691,0.0167425,
36558,1.41672,0.0167425,
36618,1.41667,0.0167425,
36678,1.41673,0.0167424,
36739,1.41695,0.0167424,
36799,1.41662,0.0167424,
36859,1.41697,0.0167424,
36920,1.41688,0.0167424,
36980,1.4167,0.0167425,
37040,1.41688,0.0167426,
37100,1.4168,0.0167424,
37161,1.41706,0.0167424,
37221,1.41711,0.0167424,
37281,1.41709,0.0167424,
37342,1.41725,0.016742,
37402,1.41703,0.0167424,
37462,1.41712,0.0167424,
37523,1.41718,0.0167424,
37583,1.41703,0.0167424,
37643,1.41717,0.0167424,
37703,1.41717,0.0167424,
37764,1.41731,0.0167424,
37824,1.41728,0.0167424,
37884,1.41736,0.0167424,
37945,1.41695,0.0167425,
38005,1.41711,0.0167425,
38065,1.41741,0.0167425,
38126,1.41722,0.0167424,
38186,1.41736,0.0167426,
38246,1.41728,0.0167425,
38307,1.41718,0.0167424,
38367,1.41722,0.0167424,
38427,1.41738,0.0167424,
38488,1.41747,0.0167424,
38548,1.41736,0.0167424,
38608,1.41742,0.0167422,
38668,1.4174,0.0167424,
38729,1.41757,0.0167423,
38789,1.41764,0.0167423,
38849,1.41744,0.0167423,
38910,1.41761,0.0167423,
38970,1.41761,0.0167423,
39030,1.41749,0.0167423,
39091,1.41751,0.0167423,
39151,1.41743,0.0167424,
39211,1.41766,0.0167422,
39272,1.41775,0.0167423,
39332,1.4176,0.0167424,
39392,1.41753,0.0167423,
39452,1.41763,0.0167424,
39513,1.41755,0.0167424,
39573,1.41751,0.0167423,
39633,1.41768,0.0167423,
39694,1.4177,0.0167424,
39754,1.41754,0.0167423,
39814,1.41782,0.0167423,
39875,1.41783,0.0167424,
39935,1.4176,0.0167423,
39995,1.41775,0.0167423,
40055,1.41772,0.0167424,
40116,1.41775,0.0167424,
40176,1.41774,0.0167422,
40236,1.41783,0.0167423,
40297,1.41769,0.0167423,
40357,1.418,0.0167424,
40417,1.41778,0.0167423,
40478,1.41788,0.0167423,
40538,1.4179,0.0167423,
40598,1.41798,0.0167419,
40659,1.4178,0.0167421,
40719,1.41782,0.0167423,
40779,1.41779,0.0167422,
40840,1.41792,0.0167424,
40900,1.41795,0.0167423,
40960,1.4179,0.0167423,
41020,1.41787,0.0167423,
41081,1.41807,0.0167423,
41141,1.41789,0.0167423,
41201,1.41792,0.0167423,
41262,1.41793,0.0167423,
41322,1.418,0.0167423,
41382,1.41798,0.0167423,
41442,1.41809,0.0167424,
41503,1.41764,0.016742,
41563,1.41814,0.0167422,
41623,1.41793,0.0167423,
41684,1.41819,0.0167423,
41744,1.41786,0.0167424,
41804,1.41812,0.0167423,
41865,1.41823,0.0167423,
41925,1.41788,0.0167423,
41985,1.41818,0.0167423,
42045,1.41788,0.0167422,
42106,1.41803,0.0167423,
42166,1.41809,0.0167424,
42227,1.41803,0.0167423,
42287,1.41826,0.0167423,
42347,1.4182,0.0167423,
42407,1.41804,0.0167423,
42468,1.41807,0.0167422,
42528,1.41825,0.0167422,
42588,1.41816,0.0167424,
42649,1.4182,0.0167423,
42709,1.41817,0.0167423,
42769,1.41791,0.0167423,
42830,1.41827,0.0167422,
42890,1.41821,0.0167423,
42950,1.41802,0.0167423,
43011,1.41812,0.0167422,
43071,1.41809,0.0167424,
43131,1.4183,0.0167422,
43191,1.4183,0.0167422,
43252,1.4183,0.0167422,
43312,1.41841,0.0167422,
43372,1.41818,0.0167423,
43433,1.41826,0.0167423,
43493,1.41806,0.0167423,
43554,1.41823,0.0167423,
43614,1.41826,0.0167423,
43674,1.41816,0.0167422,
43735,1.4182,0.0167423,
43795,1.4183,0.0167422,
43855,1.41827,0.0167424,
43915,1.41818,0.0167422,
43976,1.4182,0.0167422,
44036,1.41835,0.0167422,
44096,1.41837,0.0167422,
44157,1.41826,0.0167424,
44217,1.4182,0.0167422,
44277,1.41839,0.0167422,
44338,1.41827,0.0167422,
44398,1.41843,0.0167422,
44458,1.41827,0.0167422,
44519,1.41839,0.0167423,
44579,1.4183,0.0167422,
44639,1.41818,0.0167422,
44700,1.41836,0.0167421,
44760,1.41861,0.0167422,
44820,1.41837,0.0167422,
44880,1.4184,0.0167422,
44941,1.41841,0.0167422,
45001,1.41832,0.0167423,
45061,1.41839,0.0167422,
45122,1.41824,0.0167423,
45182,1.41831,0.0167422,
45243,1.4183,0.0167422,
45303,1.41844,0.0167422,
45363,1.41855,0.0167422,
45424,1.41853,0.0167422,
45484,1.4185,0.0167423,
45544,1.41852,0.0167422,
45605,1.41841,0.0167422,
45665,1.41855,0.0167423,
45725,1.4184,0.0167422,
45785,1.41822,0.0167422,
45846,1.41838,0.0167423,
45906,1.41846,0.0167423,
45966,1.41841,0.0167422,
46026,1.41849,0.0167422,
46087,1.41858,0.0167423,
46147,1.41861,0.0167422,
46207,1.41853,0.0167421,
46268,1.41841,0.0167422,
46328,1.41849,0.0167423,
46388,1.41863,0.0167422,
46449,1.41859,0.0167422,
46509,1.41853,0.0167421,
46569,1.41856,0.0167422,
46629,1.41851,0.0167423,
46690,1.41847,0.0167422,
46750,1.41831,0.0167422,
46810,1.41864,0.0167422,
46871,1.4184,0.0167421,
46931,1.4184,0.0167422,
46991,1.41866,0.0167424,
47051,1.41857,0.0167422,
47112,1.41847,0.0167422,
47172,1.41861,0.0167422,
47232,1.4186,0.0167422,
47293,1.4186,0.0167422,
47353,1.41869,0.0167422,
47413,1.4185,0.0167422,
47473,1.41853,0.0167424,
47534,1.41864,0.0167422,
47594,1.41864,0.0167422,
47654,1.41836,0.0167422,
47715,1.41853,0.0167421,
47775,1.41877,0.0167422,
47835,1.41844,0.0167424,
47895,1.41857,0.0167422,
47955,1.41824,0.0167422,
48016,1.41841,0.0167422,
48076,1.4186,0.0167423,
48136,1.41848,0.0167422,
48197,1.41854,0.0167422,
48257,1.41858,0.0167422,
48317,1.41857,0.0167422,
48378,1.41854,0.0167422,
48438,1.41842,0.0167422,
48498,1.41855,0.0167422,
48559,1.41844,0.0167422,
48619,1.41854,0.0167422,
48679,1.41862,0.0167422,
48740,1.41844,0.0167422,
48800,1.41865,0.0167422,
48860,1.4187,0.0167422,
48921,1.41853,0.0167422,
48981,1.41872,0.0167422,
49041,1.41839,0.0167422,
49101,1.41859,0.0167422,
49162,1.41868,0.0167422,
49222,1.41849,0.0167422,
49282,1.41857,0.0167422,
49343,1.41864,0.0167422,
49403,1.41854,0.0167422,
49463,1.41874,0.0167422,
49524,1.41866,0.0167422,
49584,1.41861,0.0167422,
49644,1.41853,0.0167422,
49704,1.41886,0.0167422,
49765,1.41874,0.0167422,
49825,1.41858,0.0167422,
49885,1.41852,0.0167422,
49946,1.41868,0.0167422,
50006,1.41858,0.0167422,
50066,1.41869,0.0167422,
50127,1.41859,0.0167422,
50187,1.4188,0.0167422,
50247,1.41882,0.0167422,
50308,1.41857,0.0167422,
50368,1.41872,0.0167422,
50428,1.41866,0.0167421,
50489,1.41865,0.0167422,
50549,1.41865,0.0167422,
50609,1.41858,0.0167422,
50670,1.41876,0.0167422,
50730,1.41861,0.0167421,
50790,1.41875,0.0167422,
50851,1.41871,0.0167421,
50911,1.41883,0.016742,
50971,1.41883,0.0167422,
51032,1.41874,0.0167421,
51092,1.41874,0.0167422,
51152,1.4188,0.0167422,
51213,1.41881,0.0167422,
51273,1.41871,0.0167422,
51333,1.41856,0.0167418,
51394,1.41855,0.0167422,
51454,1.41868,0.0167421,
51514,1.41873,0.0167422,
51574,1.41872,0.0167421,
51635,1.4187,0.0167422,
51695,1.4189,0.0167422,
51755,1.41873,0.0167421,
51816,1.419,0.0167421,
51876,1.41887,0.0167421,
51936,1.41898,0.0167422,
51996,1.41867,0.0167422,
52057,1.4187,0.0167422,
52117,1.41884,0.0167423,
52178,1.41891,0.0167422,
52238,1.41901,0.0167422,
52298,1.41886,0.0167422,
52359,1.41886,0.0167423,
52419,1.41884,0.0167422,
52479,1.41875,0.0167422,
52540,1.41891,0.0167422,
52600,1.41883,0.0167422,
52660,1.41898,0.0167422,
52720,1.41907,0.0167422,
52781,1.41887,0.0167422,
52841,1.41908,0.0167422,
52901,1.4188,0.0167422,
52962,1.41894,0.0167421,
53022,1.41896,0.0167422,
53082,1.41882,0.0167421,
53143,1.419,0.0167421,
53203,1.41887,0.0167422,
53263,1.41901,0.0167422,
53323,1.41892,0.0167422,
53384,1.41891,0.0167422,
53444,1.4189,0.0167421,
53504,1.41898,0.0167423,
53565,1.41883,0.0167422,
53625,1.41901,0.0167423,
53686,1.41878,0.0167421,
53746,1.41903,0.0167422,
53806,1.41902,0.0167421,
53866,1.41901,0.0167422,
53927,1.41906,0.0167421,
53987,1.41921,0.0167421,
54047,1.41882,0.0167419,
54108,1.41879,0.0167422,
54168,1.41889,0.0167422,
54228,1.41895,0.0167422,
54289,1.419,0.0167421,
54349,1.41905,0.0167421,
54409,1.41893,0.0167422,
54470,1.41924,0.0167421,
54530,1.4188,0.0167422,
54590,1.4189,0.0167422,
54650,1.41901,0.0167421,
54711,1.41891,0.0167421,
54771,1.41882,0.0167422,
54831,1.41882,0.0167422,
54892,1.41897,0.0167422,
54952,1.41903,0.0167423,
55012,1.41893,0.0167422,
55072,1.419,0.0167424,
55133,1.41889,0.0167422,
55193,1.41882,0.0167422,
55254,1.41905,0.0167422,
55314,1.41878,0.0167422,
55374,1.41896,0.0167421,
55435,1.41893,0.0167421,
55495,1.41887,0.0167422,
55555,1.419,0.0167421,
55616,1.419,0.0167422,
55676,1.41883,0.0167422,
55736,1.41904,0.0167422,
55797,1.41888,0.0167421,
55857,1.41883,0.0167421,
55917,1.41891,0.0167422,
55978,1.41901,0.0167422,
56038,1.41902,0.0167422,
56099,1.41901,0.0167422,
56159,1.41904,0.0167421,
56219,1.41911,0.0167421,
56280,1.41882,0.0167422,
56340,1.41922,0.0167422,
56400,1.41884,0.0167422,
56461,1.41882,0.0167421,
56521,1.41917,0.0167421,
56581,1.41909,0.0167422,
56641,1.41881,0.0167422,
56702,1.41882,0.0167421,
56762,1.41922,0.0167421,
56822,1.41893,0.0167421,
56883,1.41901,0.0167421,
56943,1.41921,0.0167421,
57003,1.41876,0.0167423,
57063,1.41869,0.0167422,
57124,1.41892,0.0167422,
57184,1.419,0.0167421,
57245,1.4191,0.0167422,
57305,1.4188,0.0167421,
57365,1.41909,0.0167421,
57425,1.41906,0.0167422,
57486,1.41899,0.0167422,
57546,1.41898,0.0167422,
57606,1.41886,0.0167421,
57667,1.41889,0.0167422,
57727,1.41905,0.0167421,
57787,1.41928,0.0167421,
57848,1.41909,0.0167421,
57908,1.41897,0.0167422,
57968,1.41905,0.0167422,
58029,1.41891,0.0167422,
58089,1.41906,0.0167421,
58149,1.41875,0.0167421,
58210,1.41901,0.0167422,
58270,1.41883,0.0167422,
58330,1.41906,0.0167421,
58390,1.41921,0.0167421,
58451,1.41908,0.0167422,
58511,1.41889,0.0167422,
58571,1.41924,0.0167421,
58632,1.41905,0.0167421,
58692,1.41894,0.0167421,
58752,1.41905,0.0167423,
58813,1.41903,0.0167422,
58873,1.41923,0.0167422,
58933,1.41891,0.0167423,
58993,1.41908,0.0167421,
59054,1.41908,0.0167422,
59114,1.41916,0.0167422,
59174,1.41907,0.0167423,
59235,1.41921,0.0167421,
59295,1.41897,0.0167421,
59355,1.41895,0.0167421,
59416,1.41924,0.0167421,
59476,1.41891,0.0167421,
59536,1.41899,0.0167422,
59596,1.41895,0.0167421,
59657,1.41912,0.0167421,
59717,1.41919,0.0167422,
59777,1.419,0.0167421,
59837,1.41901,0.0167422,
59898,1.41875,0.0167421,
59958,1.41923,0.0167421,
60019,1.41891,0.0167421,
60079,1.41929,0.0167418,
60139,1.41892,0.0167422,
60199,1.41908,0.0167421,
60260,1.41912,0.0167421,
60320,1.41922,0.0167421,
60380,1.41904,0.0167422,
60441,1.41875,0.0167421,
60501,1.41911,0.0167421,
60561,1.41903,0.0167421,
60621,1.41897,0.0167421,
60682,1.41927,0.0167421,
60742,1.41915,0.0167421,
60802,1.41918,0.0167421,
60862,1.419,0.0167421,
60923,1.41919,0.0167421,
60983,1.41909,0.0167422,
61043,1.41879,0.0167422,
61103,1.41897,0.0167421,
61164,1.41915,0.0167421,
61224,1.41883,0.0167422,
61284,1.41913,0.0167421,
61345,1.41911,0.0167421,
61405,1.41895,0.0167421,
61465,1.41922,0.0167421,
61526,1.4189,0.0167422,
61586,1.41928,0.0167421,
61646,1.41887,0.0167422,
61707,1.41876,0.0167422,
61767,1.41878,0.0167422,
61827,1.41902,0.0167422,
61887,1.41897,0.0167422,
61948,1.41886,0.0167421,
62008,1.41884,0.0167421,
62069,1.41904,0.0167421,
62129,1.4188,0.0167422,
62189,1.4188,0.0167423,
62250,1.41883,0.0167422,
62310,1.41906,0.0167421,
62370,1.41889,0.0167422,
62431,1.41886,0.0167421,
62491,1.41918,0.0167418,
62552,1.41877,0.0167422,
62612,1.41912,0.0167421,
62672,1.41879,0.0167423,
62732,1.41876,0.0167422,
62793,1.41892,0.0167421,
62853,1.41882,0.0167422,
62913,1.41882,0.0167422,
62974,1.41889,0.0167421,
63034,1.41895,0.0167421,
63094,1.41879,0.0167421,
63155,1.41902,0.0167422,
63215,1.41913,0.0167423,
63276,1.41907,0.0167422,
63336,1.41899,0.0167421,
63396,1.41872,0.0167422,
63457,1.41909,0.0167422,
63517,1.41893,0.0167422,
63577,1.41901,0.0167422,
63638,1.41887,0.0167421,
63698,1.41908,0.0167421,
63759,1.419,0.0167422,
63819,1.41868,0.0167421,
63879,1.41897,0.0167422,
63940,1.41879,0.0167421,
64000,1.41881,0.0167422,
64060,1.41887,0.0167421,
64121,1.41898,0.0167422,
64181,1.41892,0.0167422,
64241,1.41899,0.0167422,
64302,1.41908,0.0167422,
64362,1.41875,0.0167422,
64422,1.41903,0.0167421,
64482,1.41894,0.0167422,
64543,1.41893,0.0167422,
64603,1.41867,0.0167422,
64663,1.41877,0.0167422,
64724,1.41889,0.0167422,
64784,1.41884,0.0167423,
64844,1.41891,0.0167422,
64904,1.41898,0.0167421,
64965,1.41909,0.0167421,
65025,1.41899,0.0167422,
65086,1.41882,0.0167422,
65146,1.41894,0.0167422,
65206,1.41872,0.0167422,
65267,1.41887,0.0167422,
65327,1.41883,0.0167422,
65387,1.4189,0.0167422,
65448,1.41886,0.0167422,
65508,1.41887,0.0167421,
65568,1.41888,0.0167422,
65628,1.41896,0.0167422,
65689,1.41896,0.0167422,
65749,1.41885,0.0167422,
65809,1.41843,0.0167422,
65869,1.41886,0.0167421,
65930,1.41894,0.0167421,
65990,1.41904,0.0167421,
66050,1.41877,0.0167422,
66110,1.41889,0.0167422,
66170,1.41908,0.0167422,
66231,1.41881,0.0167421,
66291,1.41895,0.0167421,
66351,1.4189,0.0167422,
66411,1.41865,0.0167422,
66472,1.41865,0.0167422,
66532,1.4189,0.0167421,
66592,1.41884,0.0167422,
66653,1.41873,0.0167422,
66713,1.41892,0.0167422,
66773,1.4187,0.0167422,
66833,1.41861,0.0167423,
66894,1.41876,0.0167423,
66954,1.41875,0.0167422,
67014,1.41862,0.0167422,
67075,1.41864,0.0167422,
67135,1.41858,0.0167419,
67195,1.41887,0.0167422,
67256,1.41876,0.0167422,
67316,1.41854,0.0167422,
67377,1.41886,0.0167422,
67437,1.41859,0.0167423,
67497,1.41872,0.0167422,
67557,1.41851,0.0167423,
67618,1.41851,0.0167422,
67678,1.41865,0.0167422,
67738,1.41885,0.0167421,
67799,1.41859,0.0167422,
67859,1.41848,0.0167422,
67919,1.41878,0.0167422,
67979,1.41872,0.0167422,
68040,1.41888,0.0167422,
68100,1.41865,0.0167423,
68161,1.41834,0.0167422,
68221,1.41844,0.0167422,
68281,1.4186,0.0167422,
68342,1.41846,0.0167422,
68402,1.4184,0.0167422,
68462,1.41852,0.0167423,
68523,1.41867,0.0167421,
68583,1.4186,0.0167422,
68643,1.41841,0.0167422,
68704,1.4188,0.0167422,
68764,1.41824,0.0167423,
68824,1.41835,0.0167422,
68885,1.41844,0.0167423,
68945,1.41863,0.0167422,
69005,0.472875,0.0169272,
69052,,,Finish=UserRequest:Stop
